quarter_end,municipal_decline,pred_prob,pred_decline,RET_mean,RET_std,RET_max,abs_RET_mean,abs_RET_max,abs_exceed_sum,upper_exceed_sum,lower_exceed_sum,abs_extreme_score_mean,upper_extreme_score_mean,lower_extreme_score_mean,log_volume_mean,log_volume_std,log_volume_max,rel_spread_mean,rel_spread_max,days_in_quarter,high_spread_ratio,low_volume_ratio,high_volume_ratio,abs_exceed_ratio,upper_exceed_ratio,lower_exceed_ratio,abs_mean_excess,abs_max_excess,abs_var,abs_es_q,upper_mean_excess,upper_max_excess,upper_var,upper_es_q,lower_mean_excess,lower_max_excess,lower_var,lower_es_q
1990-03-31,0,0.07138229341762652,0,0.0017078571428571427,0.015968343211832454,0.053254,0.011852142857142858,0.053254,1,1,1,0.014650670899345249,0.007874662213592933,0.013239774794802352,13.92102200867801,0.34713578812924445,14.745507331449602,0.0,0.0,63,0.0,0.4126984126984127,0.0,0.015873015873015872,0.015873015873015872,0.015873015873015872,0.0017913999999999916,0.0017913999999999916,0.4532066626538327,0.08603881204433356,0.013605999999999965,0.013605999999999965,0.2854570960744917,0.12439610012186864,0.003461800000000001,0.003461800000000001,0.2926245388109647,0.1419844661638972
1990-06-30,0,0.07416181589667586,0,0.000915142857142857,0.011972195089182944,0.026738,0.009571587301587301,0.030303,0,0,0,0.0,0.0,0.0,13.838297146346784,0.3414687097931439,14.586729736393398,0.0,0.0,63,0.0,0.5238095238095238,0.0,0.0,0.0,0.0,0.0,0.0,0.4532066626538327,0.08603881204433356,0.0,0.0,0.2854570960744917,0.12439610012186864,0.0,0.0,0.2926245388109647,0.1419844661638972
1990-09-30,0,0.0624948166091215,0,-0.003865142857142857,0.01800818144698819,0.046823,0.014119047619047618,0.046875,0,1,2,0.0,0.010681178788489804,0.021218136482613986,13.892438666153952,0.4545294422169261,14.86675202472001,0.0,0.0,63,0.0,0.49206349206349204,0.0,0.0,0.015873015873015872,0.031746031746031744,0.0,0.0,0.4532066626538327,0.08603881204433356,0.007174999999999959,0.007174999999999959,0.2854570960744917,0.12439610012186864,0.008167300000000002,0.009990800000000001,0.2926245388109647,0.1419844661638972
1990-12-31,0,0.061350936540586584,0,-0.0003200937499999999,0.01971742802677549,0.041237,0.015588781250000001,0.05,0,1,2,0.0,0.014225647529084338,0.019315557887557882,13.89594551868235,0.465066510623335,14.839651064718172,0.0,0.0,64,0.0,0.421875,0.0,0.0,0.015625,0.03125,0.0,0.0,0.4532066626538327,0.08603881204433356,0.0015889999999999654,0.0015889999999999654,0.2854570960744917,0.12439610012186864,0.010075300000000002,0.013115800000000004,0.2926245388109647,0.1419844661638972
1991-03-31,0,0.06625383364740635,0,0.0019618688524590164,0.02264710262592503,0.054475,0.01739944262295082,0.054475,2,6,1,0.030291478849014737,0.06125138846558537,0.011894963184458584,14.099947437432666,0.4797606052218777,15.453380618786277,0.0,0.0,61,0.0,0.39344262295081966,0.0,0.03278688524590164,0.09836065573770492,0.01639344262295082,0.0018163999999999889,0.0030123999999999915,0.4532066626538327,0.08603881204433356,0.009229833333333297,0.014826999999999965,0.2854570960744917,0.12439610012186864,0.006304799999999999,0.006304799999999999,0.2926245388109647,0.1419844661638972
1991-06-30,0,0.04634868035688101,0,0.0016507343749999999,0.024182359498125434,0.052448,0.018664359375,0.065292,4,5,3,0.048675032938970166,0.04672910856028187,0.023945216739227608,14.053574901669085,0.4248085868440562,15.311959151500076,0.0,0.0,64,0.0,0.3125,0.0,0.0625,0.078125,0.046875,0.007129149999999992,0.013829399999999992,0.4532066626538327,0.08603881204433356,0.009884599999999962,0.012799999999999964,0.2854570960744917,0.12439610012186864,0.019378133333333335,0.028407800000000004,0.2926245388109647,0.1419844661638972
1991-09-30,0,0.03521927219331596,0,-0.001046046875,0.016973534980313516,0.06383,0.011989578125,0.06383,1,1,1,0.009509069976900594,0.005057735372638191,0.008362860987593146,13.962778175276613,0.40766059233671403,15.269019777508957,0.0,0.0,64,0.0,0.421875,0.0,0.015625,0.015625,0.015625,0.012367399999999987,0.012367399999999987,0.4532066626538327,0.08603881204433356,0.02418199999999996,0.02418199999999996,0.2854570960744917,0.12439610012186864,0.013115800000000004,0.013115800000000004,0.2926245388109647,0.1419844661638972
1991-12-31,0,0.04462728249681362,0,-0.0035900625,0.02274155190072073,0.059091,0.0179991875,0.066667,2,2,4,0.019956718294871667,0.015311061872418718,0.0396588374651856,14.178991530674184,0.4585155814258669,15.254729619504937,0.0,0.0,64,0.0,0.21875,0.0,0.03125,0.03125,0.0625,0.01141639999999999,0.015204399999999993,0.4532066626538327,0.08603881204433356,0.014612499999999962,0.01944299999999996,0.2854570960744917,0.12439610012186864,0.0119158,0.029782800000000005,0.2926245388109647,0.1419844661638972
1992-03-31,0,0.03032553541710071,0,0.004262936507936508,0.02465910218512728,0.073593,0.01884573015873016,0.073593,2,6,1,0.014856748186248955,0.05528350697237134,0.009552526668125566,14.2756584441583,0.45698481345511405,15.332263062863474,0.0,0.0,63,0.0,0.19047619047619047,0.0,0.031746031746031744,0.09523809523809523,0.015873015873015872,0.020353399999999994,0.022130399999999995,0.4532066626538327,0.08603881204433356,0.014544166666666629,0.03394499999999997,0.2854570960744917,0.12439610012186864,0.010388800000000004,0.010388800000000004,0.2926245388109647,0.1419844661638972
1992-06-30,0,0.06512241552641057,0,0.003298603174603175,0.021609227927677388,0.059561,0.015570095238095239,0.064897,3,4,2,0.034811590393163235,0.035997400342169375,0.012103217621446496,14.436877638360091,0.5378178283669638,16.644196078646402,0.0,0.0,63,0.0,0.07936507936507936,0.0,0.047619047619047616,0.06349206349206349,0.031746031746031744,0.008015733333333322,0.013434399999999985,0.4532066626538327,0.08603881204433356,0.011549749999999963,0.019912999999999965,0.2854570960744917,0.12439610012186864,0.022552799999999998,0.028012799999999997,0.2926245388109647,0.1419844661638972
1992-09-30,0,0.15077672014741839,0,-0.004550453125,0.019327965402518247,0.037618,0.015425921875,0.047923,0,0,3,0.0,0.0,0.03431333961743527,14.477981020002666,0.4542581859043781,15.593661347734708,0.0,0.0,64,0.0,0.0625,0.0,0.0,0.0,0.046875,0.0,0.0,0.4532066626538327,0.08603881204433356,0.0,0.0,0.2854570960744917,0.12439610012186864,0.006581466666666667,0.011038800000000001,0.2926245388109647,0.1419844661638972
1992-12-31,0,0.04669490125767516,0,0.00038539062499999994,0.021437937884734897,0.060484,0.016529640625,0.060484,2,3,2,0.02368977337846675,0.026288624623101643,0.023553837482517208,14.578231050700568,0.40092385752570253,15.574626477004308,0.00766321300022856,0.011516314779270634,64,0.0,0.03125,0.0,0.03125,0.046875,0.03125,0.006676399999999992,0.009021399999999992,0.4532066626538327,0.08603881204433356,0.013116999999999964,0.020835999999999966,0.2854570960744917,0.12439610012186864,0.007199300000000002,0.014397800000000002,0.2926245388109647,0.1419844661638972
1993-03-31,0,0.06030619229977398,0,0.002771290322580645,0.019969301188251878,0.046823,0.015886193548387096,0.049231,0,1,2,0.0,0.01085345586572351,0.01816392260434811,14.66400461499666,0.5142648599872336,16.239817674162794,0.005975950396303186,0.012861736334405145,62,0.0,0.03225806451612903,0.0,0.0,0.016129032258064516,0.03225806451612903,0.0,0.0,0.4532066626538327,0.08603881204433356,0.007174999999999959,0.007174999999999959,0.2854570960744917,0.12439610012186864,0.0119248,0.012346799999999998,0.2926245388109647,0.1419844661638972
1993-06-30,0,0.06086317557414243,0,0.0028922380952380953,0.017252240098321676,0.049536,0.01378347619047619,0.049536,0,2,0,0.0,0.01915019461782292,0.0,14.4533081832324,0.3727046628872961,15.513875045557942,0.005585811283043104,0.012658227848101266,63,0.0,0.031746031746031744,0.0,0.0,0.031746031746031744,0.0,0.0,0.0,0.4532066626538327,0.08603881204433356,0.00939199999999996,0.00988799999999996,0.2854570960744917,0.12439610012186864,0.0,0.0,0.2926245388109647,0.1419844661638972
1993-09-30,0,0.050306566685104734,0,-0.0007417499999999999,0.01945513104800988,0.05042,0.015283125,0.05042,0,1,2,0.0,0.008822141470902843,0.019028375614795905,14.450036892511726,0.4204705847469729,15.875195848772528,0.005212747744277053,0.013531799729364006,64,0.0,0.03125,0.0,0.0,0.015625,0.03125,0.0,0.0,0.4532066626538327,0.08603881204433356,0.010771999999999962,0.010771999999999962,0.2854570960744917,0.12439610012186864,0.010181799999999998,0.011548799999999998,0.2926245388109647,0.1419844661638972
1993-12-31,0,0.045887663867974,0,0.004480375,0.016581919789959033,0.051414,0.0130593125,0.051414,0,2,0,0.0,0.019777539831622032,0.0,14.588287464003267,0.5167498369082815,15.533749420967,0.005490102693067412,0.01455604075691412,64,0.0,0.0625,0.0,0.0,0.03125,0.0,0.0,0.0,0.4532066626538327,0.08603881204433356,0.008725499999999962,0.011765999999999964,0.2854570960744917,0.12439610012186864,0.0,0.0,0.2926245388109647,0.1419844661638972
1994-03-31,0,0.1266675496929165,0,-0.00010196825396825387,0.016764013090611738,0.04086,0.01349047619047619,0.04086,0,1,0,0.0,0.014771657077978978,0.0,14.752333034189624,0.3772102798880836,15.865214410153195,0.0038114058363296365,0.009216589861751152,63,0.0,0.0,0.0,0.0,0.015873015873015872,0.0,0.0,0.0,0.4532066626538327,0.08603881204433356,0.001211999999999963,0.001211999999999963,0.2854570960744917,0.12439610012186864,0.0,0.0,0.2926245388109647,0.1419844661638972
1994-06-30,0,0.09364142338879587,0,-0.0009123225806451611,0.01757921516252365,0.040909,0.013903419354838709,0.040909,0,1,1,0.0,0.014967037974317072,0.01404486542367562,14.674323689638603,0.3564545692559841,15.496245724754498,0.0048635858946852895,0.012033694344163659,62,0.0,0.0,0.0,0.0,0.016129032258064516,0.016129032258064516,0.0,0.0,0.4532066626538327,0.08603881204433356,0.0012609999999999635,0.0012609999999999635,0.2854570960744917,0.12439610012186864,0.0026168000000000025,0.0026168000000000025,0.2926245388109647,0.1419844661638972
1994-09-30,0,0.07590889388829783,0,-0.0008774687499999999,0.01728305228496177,0.046272,0.01275359375,0.046272,0,3,1,0.0,0.03541287315783756,0.013136758069187012,14.536597302439345,0.4350819770097916,15.530497328318683,0.005022348678232549,0.009950248756218905,64,0.0,0.0625,0.0,0.0,0.046875,0.015625,0.0,0.0,0.4532066626538327,0.08603881204433356,0.005058999999999964,0.006623999999999963,0.2854570960744917,0.12439610012186864,0.0033048000000000036,0.0033048000000000036,0.2926245388109647,0.1419844661638972
1994-12-31,0,0.03795990539559561,0,-0.0014,0.020713936600363317,0.054313,0.014902698412698413,0.08,2,1,2,0.019828978666135356,0.007516691454234724,0.014446949723849923,14.92941182832732,0.5455791590159488,16.73519302907802,0.004538239569273504,0.010221465076660987,63,0.0,0.015873015873015872,0.0,0.031746031746031744,0.015873015873015872,0.031746031746031744,0.01569389999999999,0.02853739999999999,0.4532066626538327,0.08603881204433356,0.014664999999999963,0.014664999999999963,0.2854570960744917,0.12439610012186864,0.024854800000000003,0.0431158,0.2926245388109647,0.1419844661638972
1995-03-31,0,0.15056382944344016,0,0.0009183968253968256,0.017297785936579622,0.040134,0.013196015873015873,0.049853,0,1,1,0.0,0.015417658815366638,0.008548245007493125,14.696977201712151,0.35306432282048644,15.635080052022687,0.004557058946101953,0.006666666666666667,63,0.0,0.0,0.0,0.0,0.015873015873015872,0.015873015873015872,0.0,0.0,0.4532066626538327,0.08603881204433356,0.0004859999999999656,0.0004859999999999656,0.2854570960744917,0.12439610012186864,0.012968800000000003,0.012968800000000003,0.2926245388109647,0.1419844661638972
1995-06-30,0,0.10683366585377008,0,0.001254761904761905,0.016805609708314743,0.051429,0.012865904761904762,0.051429,0,1,0,0.0,0.00855155719349302,0.0,14.615486773273112,0.39274569244232843,16.004254946591928,0.004039640872562729,0.008415147265077139,63,0.0,0.0,0.0,0.0,0.015873015873015872,0.0,0.0,0.0,0.4532066626538327,0.08603881204433356,0.011780999999999965,0.011780999999999965,0.2854570960744917,0.12439610012186864,0.0,0.0,0.2926245388109647,0.1419844661638972
1995-09-30,0,0.06364838257854763,0,0.00020107936507936507,0.014456166539222234,0.038462,0.01133257142857143,0.038462,0,0,0,0.0,0.0,0.0,14.433097457527893,0.42308183215180284,15.492682256236222,0.0037003821800233516,0.010443864229765013,63,0.0,0.047619047619047616,0.0,0.0,0.0,0.0,0.0,0.0,0.4532066626538327,0.08603881204433356,0.0,0.0,0.2854570960744917,0.12439610012186864,0.0,0.0,0.2926245388109647,0.1419844661638972
1995-12-31,0,0.03125062037055473,0,0.0021517619047619046,0.016474670318023292,0.039312,0.013082650793650794,0.039312,0,0,0,0.0,0.0,0.0,14.486720150208775,0.44105633688867923,15.858703096583248,0.004490459625884729,0.01904761904761905,63,0.015873015873015872,0.047619047619047616,0.0,0.0,0.0,0.0,0.0,0.0,0.4532066626538327,0.08603881204433356,0.0,0.0,0.2854570960744917,0.12439610012186864,0.0,0.0,0.2926245388109647,0.1419844661638972
1996-03-31,0,0.05958197138554122,0,0.0003862698412698412,0.017752884132977223,0.055409,0.013785063492063493,0.055409,1,1,1,0.013359177762357448,0.0071703275163314045,0.010466619366802512,14.673040017749102,0.4359590877371421,16.018430110324633,0.004483959500716882,0.011947431302270013,63,0.0,0.015873015873015872,0.0,0.015873015873015872,0.015873015873015872,0.015873015873015872,0.003946399999999989,0.003946399999999989,0.4532066626538327,0.08603881204433356,0.015760999999999963,0.015760999999999963,0.2854570960744917,0.12439610012186864,0.008353800000000002,0.008353800000000002,0.2926245388109647,0.1419844661638972
1996-06-30,0,0.07339024634067066,0,-6.436507936507947e-05,0.013073194547896393,0.053991,0.009609063492063492,0.053991,1,1,0,0.014188598666528324,0.007623019265405165,0.0,14.474516073003196,0.36151333925843143,15.520822491214476,0.004030103621295983,0.008849557522123894,63,0.0,0.031746031746031744,0.0,0.015873015873015872,0.015873015873015872,0.0,0.002528399999999986,0.002528399999999986,0.4532066626538327,0.08603881204433356,0.01434299999999996,0.01434299999999996,0.2854570960744917,0.12439610012186864,0.0,0.0,0.2926245388109647,0.1419844661638972
1996-09-30,0,0.07488832093476153,0,-0.00111553125,0.01610422619378514,0.042553,0.01256378125,0.042553,0,1,1,0.0,0.013199104019146401,0.014431141199916463,14.447046515174279,0.3667747436659006,15.225424028847238,0.004096104987790657,0.010282776349614395,64,0.0,0.078125,0.0,0.0,0.015625,0.015625,0.0,0.0,0.4532066626538327,0.08603881204433356,0.002904999999999963,0.002904999999999963,0.2854570960744917,0.12439610012186864,0.0014848000000000014,0.0014848000000000014,0.2926245388109647,0.1419844661638972
1996-12-31,0,0.0634368578878229,0,0.0025617812500000003,0.014796902855331553,0.045767,0.01085603125,0.045767,0,2,1,0.0,0.023126620816029335,0.014485236734156276,14.467822680024378,0.4662654446722948,15.483368687829236,0.004500081946412675,0.00997506234413965,64,0.0,0.09375,0.0,0.0,0.03125,0.015625,0.0,0.0,0.4532066626538327,0.08603881204433356,0.005359499999999965,0.006118999999999965,0.2854570960744917,0.12439610012186864,0.0014137999999999998,0.0014137999999999998,0.2926245388109647,0.1419844661638972
1997-03-31,0,0.10272842020909044,0,0.00014680327868852453,0.015340553908751876,0.049327,0.012248540983606556,0.049327,0,1,0,0.0,0.009749202944017116,0.0,14.87870883167641,0.38201799009064963,15.784453545734511,0.004854391259414661,0.013958125623130608,61,0.0,0.0,0.0,0.0,0.01639344262295082,0.0,0.0,0.0,0.4532066626538327,0.08603881204433356,0.009678999999999965,0.009678999999999965,0.2854570960744917,0.12439610012186864,0.0,0.0,0.2926245388109647,0.1419844661638972
1997-06-30,0,0.0716356101710678,0,0.0003312656250000002,0.013466067107400803,0.039171,0.010203484375,0.039171,0,0,0,0.0,0.0,0.0,14.42652330053616,0.3249277975752841,15.119265618347416,0.0055155616149289745,0.011534025374855825,64,0.0,0.015625,0.0,0.0,0.0,0.0,0.0,0.0,0.4532066626538327,0.08603881204433356,0.0,0.0,0.2854570960744917,0.12439610012186864,0.0,0.0,0.2926245388109647,0.1419844661638972
1997-09-30,0,0.129033994499859,0,0.00313009375,0.016911262896453835,0.041414,0.0136791875,0.041414,0,2,0,0.0,0.02952578619599532,0.0,14.77068953399678,0.30211809486544805,15.369414830016517,0.0046480749767137215,0.011299435028248588,64,0.0,0.0,0.0,0.0,0.03125,0.0,0.0,0.0,0.4532066626538327,0.08603881204433356,0.000979499999999963,0.001765999999999962,0.2854570960744917,0.12439610012186864,0.0,0.0,0.2926245388109647,0.1419844661638972
1997-12-31,0,0.006048659058143638,0,-0.00029931250000000015,0.01842281397587465,0.045764,0.01446184375,0.059688,1,2,1,0.011079318179478527,0.022703616302427152,0.005744017236959223,14.600908888863268,0.3895896846999225,15.360751437613684,0.005983954838011987,0.0343980343980344,64,0.03125,0.015625,0.0,0.015625,0.03125,0.015625,0.008225399999999987,0.008225399999999987,0.4532066626538327,0.08603881204433356,0.0056949999999999605,0.006115999999999962,0.2854570960744917,0.12439610012186864,0.0228038,0.0228038,0.2926245388109647,0.1419844661638972
1998-03-31,0,0.08131833296008154,0,0.0020678524590163933,0.017638749706102623,0.044229,0.013413590163934426,0.044229,0,1,0,0.0,0.012631408007988893,0.0,14.767704592771734,0.28198034730868143,15.502446774590265,0.007948246041611007,0.017375400091449476,61,0.09836065573770492,0.0,0.0,0.0,0.01639344262295082,0.0,0.0,0.0,0.4532066626538327,0.08603881204433356,0.00458099999999996,0.00458099999999996,0.2854570960744917,0.12439610012186864,0.0,0.0,0.2926245388109647,0.1419844661638972
1998-06-30,0,0.0734483025996044,0,1.9634920634920558e-05,0.016450707910350363,0.039126,0.012938619047619048,0.039126,0,0,0,0.0,0.0,0.0,14.726925350151648,0.2839375619849769,15.472290348212006,0.010758618980881481,0.017781937295273748,63,0.2857142857142857,0.0,0.0,0.0,0.0,0.0,0.0,0.0,0.4532066626538327,0.08603881204433356,0.0,0.0,0.2854570960744917,0.12439610012186864,0.0,0.0,0.2926245388109647,0.1419844661638972
1998-09-30,0,0.04284637261522435,0,-0.002697703125,0.02300479068649645,0.053156,0.018320671875,0.053879,2,3,3,0.028518533471050912,0.030205414043137594,0.02496388906904972,14.735141580354702,0.3171794863674497,15.392652938726716,0.012510436534519115,0.020731042007637753,64,0.40625,0.0,0.0,0.03125,0.046875,0.046875,0.0020548999999999915,0.002416399999999992,0.4532066626538327,0.08603881204433356,0.008613666666666629,0.013507999999999964,0.2854570960744917,0.12439610012186864,0.013418800000000003,0.016994800000000004,0.2926245388109647,0.1419844661638972
1998-12-31,0,0.005119991868076373,0,0.00453471875,0.023050694683240256,0.074251,0.01824615625,0.074251,1,4,2,0.0067738098612532705,0.035416722126015564,0.01996638782097575,14.517055889471637,0.44123166135810954,15.421262084017735,0.010444889797804119,0.02332719459791283,64,0.265625,0.046875,0.0,0.015625,0.0625,0.03125,0.022788399999999986,0.022788399999999986,0.4532066626538327,0.08603881204433356,0.014326999999999963,0.03460299999999996,0.2854570960744917,0.12439610012186864,0.009057800000000001,0.009627799999999999,0.2926245388109647,0.1419844661638972
1999-03-31,0,0.003066865356204658,0,0.003573344262295082,0.023364400348168755,0.074941,0.017136491803278687,0.074941,4,5,1,0.051683632272025055,0.04619357713822391,0.00809934195858563,14.801104038060068,0.3664980273251862,15.865561908186969,0.011719344684093993,0.04472843450479233,61,0.06557377049180328,0.0,0.0,0.06557377049180328,0.08196721311475409,0.01639344262295082,0.007550899999999987,0.023478399999999983,0.4532066626538327,0.08603881204433356,0.014465799999999963,0.035292999999999956,0.2854570960744917,0.12439610012186864,0.0150548,0.0150548,0.2926245388109647,0.1419844661638972
1999-06-30,0,0.030413690044068718,0,-0.0012329523809523808,0.023543326586439744,0.052632,0.019009142857142856,0.052632,1,4,3,0.01505850969772381,0.05015779244709443,0.02676347532950826,14.770631827898269,0.34538473239456924,15.778825503833444,0.005717924033122792,0.025660377358490565,63,0.015873015873015872,0.0,0.0,0.015873015873015872,0.06349206349206349,0.047619047619047616,0.0011693999999999871,0.0011693999999999871,0.4532066626538327,0.08603881204433356,0.005123499999999961,0.01298399999999996,0.2854570960744917,0.12439610012186864,0.012009466666666668,0.013782799999999998,0.2926245388109647,0.1419844661638972
1999-09-30,0,0.008013035721218822,0,-0.0004111874999999999,0.02035032634259215,0.059856,0.01594790625,0.059856,1,2,2,0.011008257404197997,0.017669146592330882,0.024917782118832964,14.45790074936265,0.29467158076235017,15.226936703517147,0.007946332406223316,0.03110704483074108,64,0.015625,0.03125,0.0,0.015625,0.03125,0.03125,0.008393399999999988,0.008393399999999988,0.4532066626538327,0.08603881204433356,0.012593499999999962,0.020207999999999962,0.2854570960744917,0.12439610012186864,0.0045838000000000025,0.0071038,0.2926245388109647,0.1419844661638972
1999-12-31,0,0.00041889708019557603,0,0.00256840625,0.020297572573389752,0.05026,0.0155709375,0.050654,0,3,2,0.0,0.03381816618952969,0.01893162417507121,14.605396707049405,0.4205520656565847,15.472309232506882,0.008597907505565088,0.06896551724137931,64,0.03125,0.03125,0.0,0.0,0.046875,0.03125,0.0,0.0,0.4532066626538327,0.08603881204433356,0.0063556666666666276,0.010611999999999962,0.2854570960744917,0.12439610012186864,0.0105583,0.013769799999999999,0.2926245388109647,0.1419844661638972
2000-03-31,0,0.013626046156828525,0,0.002556079365079365,0.028084725575566693,0.076923,0.02146036507936508,0.076923,5,7,5,0.051554487152672086,0.04947228460953989,0.05972212544611358,15.123495055327552,0.3682963108918624,16.281692998753996,0.009946791299422398,0.030719482619240096,63,0.2222222222222222,0.0,0.0,0.07936507936507936,0.1111111111111111,0.07936507936507936,0.011911399999999989,0.025460399999999994,0.4532066626538327,0.08603881204433356,0.018839714285714248,0.03727499999999997,0.2854570960744917,0.12439610012186864,0.005897400000000002,0.009872800000000001,0.2926245388109647,0.1419844661638972
2000-06-30,0,0.011402323762769144,0,-0.005122174603174603,0.028271832042112328,0.04173,0.021998492063492064,0.109993,3,2,7,0.024017160070312127,0.029254448127292308,0.06471181430007034,15.654644827373803,0.6543571731812978,17.329601798267163,0.009578368662024814,0.025801695539992626,63,0.15873015873015872,0.0,0.015873015873015872,0.047619047619047616,0.031746031746031744,0.1111111111111111,0.026657066666666656,0.05853039999999998,0.4532066626538327,0.08603881204433356,0.0013999999999999638,0.002081999999999966,0.2854570960744917,0.12439610012186864,0.02034651428571429,0.0731088,0.2926245388109647,0.1419844661638972
2000-09-30,0,0.11135942241614231,0,0.0021232857142857143,0.020162665038765036,0.057117,0.01635779365079365,0.057117,1,3,0,0.012453550852791914,0.03165471062889215,0.0,14.64326800997107,0.2646867855962836,15.510355227340243,0.0029646025302942085,0.007333682556312206,63,0.0,0.0,0.0,0.015873015873015872,0.047619047619047616,0.0,0.00565439999999999,0.00565439999999999,0.4532066626538327,0.08603881204433356,0.008644333333333296,0.017468999999999964,0.2854570960744917,0.12439610012186864,0.0,0.0,0.2926245388109647,0.1419844661638972
2000-12-31,0,0.0005159348267024628,0,-0.003333206349206349,0.0282011294209651,0.069079,0.022461396825396825,0.077181,5,3,6,0.04875664396734775,0.017644088189631722,0.061008390248810225,14.795266978156441,0.3652966522479174,15.549040628287853,0.017341003947125073,0.0594059405940594,63,0.746031746031746,0.015873015873015872,0.0,0.07936507936507936,0.047619047619047616,0.09523809523809523,0.013600799999999991,0.02571839999999999,0.4532066626538327,0.08603881204433356,0.021525666666666627,0.029430999999999964,0.2854570960744917,0.12439610012186864,0.01373296666666667,0.0402968,0.2926245388109647,0.1419844661638972
2001-03-31,0,0.033795402749659226,0,0.0007171612903225807,0.024037959480237896,0.054374,0.020402032258064515,0.054705,2,4,1,0.028165724944515323,0.04095823271338949,0.00714051383583155,14.946462557395366,0.32961851950750837,15.660099798927119,0.017054353619496584,0.0261875179202905,62,0.8225806451612904,0.0,0.0,0.03225806451612903,0.06451612903225806,0.016129032258064516,0.0030768999999999866,0.0032423999999999856,0.4532066626538327,0.08603881204433356,0.009046499999999963,0.014725999999999961,0.2854570960744917,0.12439610012186864,0.017820799999999998,0.017820799999999998,0.2926245388109647,0.1419844661638972
2001-06-30,0,0.023508961135212444,0,0.003720714285714286,0.017160086260431143,0.059109,0.012671539682539682,0.059109,1,2,0,0.011509426343533276,0.015808162245486278,0.0,14.65024442950152,0.30556666615405886,15.317764292879634,0.01096875177645417,0.02294792586054717,63,0.4603174603174603,0.0,0.0,0.015873015873015872,0.031746031746031744,0.0,0.007646399999999991,0.007646399999999991,0.4532066626538327,0.08603881204433356,0.014339999999999964,0.019460999999999964,0.2854570960744917,0.12439610012186864,0.0,0.0,0.2926245388109647,0.1419844661638972
2001-09-30,0,0.008515229217586531,0,-0.006290389830508474,0.028839377029486277,0.074037,0.019382118644067796,0.135324,4,3,5,0.03317995815933465,0.031994187780782044,0.034845895254687426,14.726628104753557,0.46846944311875577,15.93518203893425,0.004281210091971785,0.013392857142857298,59,0.0,0.01694915254237288,0.0,0.06779661016949153,0.05084745762711865,0.0847457627118644,0.03090989999999999,0.08386139999999999,0.4532066626538327,0.08603881204433356,0.013626666666666632,0.03438899999999997,0.2854570960744917,0.12439610012186864,0.0327666,0.0984398,0.2926245388109647,0.1419844661638972
2001-12-31,0,0.07057088837583429,0,0.002384953125,0.02307584862490809,0.06062,0.018809890625,0.06062,3,4,1,0.03724653227456888,0.03767504809304977,0.006073967000608867,14.776106603560423,0.3487431056765472,15.969897337264687,0.005119471510294019,0.011840038661350777,64,0.0,0.015625,0.0,0.046875,0.0625,0.015625,0.005688399999999989,0.00915739999999999,0.4532066626538327,0.08603881204433356,0.010860499999999964,0.020971999999999963,0.2854570960744917,0.12439610012186864,0.0212658,0.0212658,0.2926245388109647,0.1419844661638972
2002-03-31,0,0.060530062689104124,0,0.0039889,0.0194573363696062,0.067855,0.014696766666666666,0.067855,1,4,0,0.008835667371937887,0.04307592773026076,0.0,15.188483728934322,0.4835638560621579,16.459967639784605,0.007153062966832334,0.011297114100852506,60,0.0,0.0,0.0,0.016666666666666666,0.06666666666666667,0.0,0.016392399999999988,0.016392399999999988,0.4532066626538327,0.08603881204433356,0.010561999999999962,0.02820699999999996,0.2854570960744917,0.12439610012186864,0.0,0.0,0.2926245388109647,0.1419844661638972
2002-06-30,0,0.2558157014663047,0,-0.001669,0.016688350470569924,0.048282,0.0130125,0.048282,0,1,1,0.0,0.009776028440282546,0.00996545293398239,15.185207010835194,0.3519904348300276,16.111322867350474,0.0031777387407604823,0.008368200836820083,64,0.0,0.0,0.0,0.0,0.015625,0.015625,0.0,0.0,0.4532066626538327,0.08603881204433356,0.008633999999999961,0.008633999999999961,0.2854570960744917,0.12439610012186864,0.009086799999999999,0.009086799999999999,0.2926245388109647,0.1419844661638972
2002-09-30,0,0.07867807312664621,0,-0.0042874687500000005,0.03157665664417949,0.083011,0.02515075,0.083011,5,3,8,0.03916073899663563,0.016035155895412,0.0631944170785246,15.426364789592956,0.3724162723399086,16.5530743175661,0.004025459562617317,0.010326155396045752,64,0.0,0.0,0.0,0.078125,0.046875,0.125,0.020687399999999988,0.03154839999999999,0.4532066626538327,0.08603881204433356,0.02798766666666663,0.043362999999999964,0.2854570960744917,0.12439610012186864,0.0180463,0.045366800000000006,0.2926245388109647,0.1419844661638972
2002-12-31,0,0.06387762393048185,0,4.0906249999999656e-05,0.03660756738913147,0.103428,0.0276805625,0.103428,9,8,7,0.06959720059615568,0.04708646946015973,0.047332139685700575,15.565954547496878,0.472590706599778,16.560599670744047,0.0037218614458258453,0.00906967156795378,64,0.0,0.0,0.0,0.140625,0.125,0.109375,0.022641399999999992,0.051965399999999995,0.4532066626538327,0.08603881204433356,0.028604249999999967,0.06377999999999998,0.2854570960744917,0.12439610012186864,0.021387371428571427,0.0401988,0.2926245388109647,0.1419844661638972
2003-03-31,0,0.2609716151585483,0,-0.0009883770491803277,0.023882128085079248,0.064316,0.018541,0.064316,3,3,5,0.035812381549972655,0.027280812514800173,0.057150637090235594,15.48162224233529,0.29997857993125265,16.128105484991632,0.00440907500192094,0.007653812187223963,61,0.0,0.0,0.0,0.04918032786885246,0.04918032786885246,0.08196721311475409,0.007875066666666654,0.012853399999999987,0.4532066626538327,0.08603881204433356,0.014386999999999962,0.02466799999999996,0.2854570960744917,0.12439610012186864,0.0082954,0.0201118,0.2926245388109647,0.1419844661638972
2003-06-30,0,0.3347486897446887,0,0.0014786507936507937,0.01881471638163194,0.054702,0.014611698412698413,0.054702,1,2,0,0.01376331536856487,0.016838930709708013,0.0,15.572211044957834,0.3695842768010967,16.492338442618767,0.0022575635086577142,0.00799881499037189,63,0.0,0.0,0.0,0.015873015873015872,0.031746031746031744,0.0,0.0032393999999999895,0.0032393999999999895,0.4532066626538327,0.08603881204433356,0.012357499999999962,0.015053999999999963,0.2854570960744917,0.12439610012186864,0.0,0.0,0.2926245388109647,0.1419844661638972
2003-09-30,0,0.4188640084874661,0,0.00228675,0.011921426487298553,0.033577,0.00963340625,0.033577,0,0,0,0.0,0.0,0.0,15.48572101893812,0.34868144425279346,16.328048668426824,0.0009204158556147461,0.005868380606399354,64,0.0,0.0,0.0,0.0,0.0,0.0,0.0,0.0,0.4532066626538327,0.08603881204433356,0.0,0.0,0.2854570960744917,0.12439610012186864,0.0,0.0,0.2926245388109647,0.1419844661638972
2003-12-31,0,0.2996958008085331,0,0.004435359375,0.013289781308133177,0.052218,0.010252734375,0.052218,1,2,0,0.015099837612240164,0.02279178930406777,0.0,15.262353169080145,0.4671506789491951,16.67076744220035,0.00044665462667061476,0.003271028037383191,64,0.0,0.0,0.0,0.015625,0.03125,0.0,0.0007553999999999894,0.0007553999999999894,0.4532066626538327,0.08603881204433356,0.006814499999999963,0.012569999999999963,0.2854570960744917,0.12439610012186864,0.0,0.0,0.2926245388109647,0.1419844661638972
2004-03-31,0,0.5120571354909712,1,-0.0017766612903225806,0.013140248638942533,0.021459,0.01060524193548387,0.033359,0,0,0,0.0,0.0,0.0,15.508449673292512,0.3395048359281264,16.444669127539424,0.00047484885507051395,0.0024392948220423425,62,0.0,0.0,0.0,0.0,0.0,0.0,0.0,0.0,0.4532066626538327,0.08603881204433356,0.0,0.0,0.2854570960744917,0.12439610012186864,0.0,0.0,0.2926245388109647,0.1419844661638972
2004-06-30,0,0.4544300838869594,0,9.814516129032279e-05,0.013769806886804703,0.035103,0.011133048387096774,0.036093,0,0,0,0.0,0.0,0.0,15.370123551783468,0.35820447435292524,16.809316026420984,0.0004077668570873557,0.0019436345966958948,62,0.0,0.0,0.0,0.0,0.0,0.0,0.0,0.0,0.4532066626538327,0.08603881204433356,0.0,0.0,0.2854570960744917,0.12439610012186864,0.0,0.0,0.2926245388109647,0.1419844661638972
2004-09-30,0,0.39439546291603234,0,-0.0011825,0.01225478302347214,0.04101,0.009061375,0.04101,0,1,0,0.0,0.014414247449988031,0.0,15.218670306672022,0.3377681155367971,16.04145226736369,0.0005707755752243196,0.0024050024050024394,64,0.0,0.0,0.0,0.0,0.015625,0.0,0.0,0.0,0.4532066626538327,0.08603881204433356,0.0013619999999999605,0.0013619999999999605,0.2854570960744917,0.12439610012186864,0.0,0.0,0.2926245388109647,0.1419844661638972
2004-12-31,0,0.30506193952400695,0,-0.0006283906249999999,0.013542996085503906,0.030928,0.009896921875,0.059564,1,0,1,0.011132211868430737,0.0,0.005769665862159079,15.412528520701917,0.3955421263063005,16.705687908075582,0.000520261717974178,0.0025641025641024184,64,0.0,0.0,0.0,0.015625,0.0,0.015625,0.008101399999999988,0.008101399999999988,0.4532066626538327,0.08603881204433356,0.0,0.0,0.2854570960744917,0.12439610012186864,0.0226798,0.0226798,0.2926245388109647,0.1419844661638972
2005-03-31,0,0.004108978907880558,0,-0.004581672131147541,0.02235845254687163,0.037386,0.012636622950819673,0.13968,1,0,1,0.001823866623823603,0.0,0.000910905802811051,15.922603359252305,0.5969406186380882,17.970227176777566,0.0005108890296768269,0.0021822149481725427,61,0.0,0.0,0.08196721311475409,0.01639344262295082,0.0,0.01639344262295082,0.08821739999999999,0.08821739999999999,0.4532066626538327,0.08603881204433356,0.0,0.0,0.2854570960744917,0.12439610012186864,0.10279579999999999,0.10279579999999999,0.2926245388109647,0.1419844661638972
2005-06-30,0,0.047515966747161686,0,0.003017625,0.032305598136673684,0.181131,0.0192355625,0.181131,4,4,3,0.028770168444430814,0.0309139562887357,0.025183433263315014,16.032510918128505,0.5554365898186508,17.91435831556504,0.0005850583260170794,0.006516892471274268,64,0.0,0.0,0.078125,0.0625,0.0625,0.046875,0.044563399999999975,0.12966839999999996,0.4532066626538327,0.08603881204433356,0.04765399999999996,0.14148299999999994,0.2854570960744917,0.12439610012186864,0.0157338,0.022261799999999998,0.2926245388109647,0.1419844661638972
2005-09-30,0,0.4136976240711585,0,-0.001326484375,0.013682336997532173,0.032295,0.009940203125,0.036022,0,0,0,0.0,0.0,0.0,15.471447881692017,0.40581451332290464,16.823408577812536,0.0006079658687156524,0.004333694474539453,64,0.0,0.0,0.0,0.0,0.0,0.0,0.0,0.0,0.4532066626538327,0.08603881204433356,0.0,0.0,0.2854570960744917,0.12439610012186864,0.0,0.0,0.2926245388109647,0.1419844661638972
2005-12-31,0,0.36257327631578096,0,-0.006332253968253969,0.03367711322151083,0.075411,0.02683720634920635,0.099328,7,6,12,0.06306601371302714,0.05575650148223907,0.10502327603917305,16.42868625715307,0.6006317894665733,17.768667848344943,0.0005963385955639986,0.00282186948853622,63,0.0,0.0,0.19047619047619047,0.1111111111111111,0.09523809523809523,0.19047619047619047,0.017636542857142844,0.04786539999999999,0.4532066626538327,0.08603881204433356,0.014850999999999963,0.03576299999999997,0.2854570960744917,0.12439610012186864,0.016705466666666665,0.0624438,0.2926245388109647,0.1419844661638972
2006-03-31,0,0.4590767545219971,0,0.0020759999999999997,0.029572624761402034,0.089776,0.023416387096774193,0.089776,5,6,3,0.05117973756290855,0.03913177038581498,0.030819772929288537,16.34830945003232,0.4274163407814779,17.27609574984781,0.0006871272021544933,0.004192872117400412,62,0.0,0.0,0.0967741935483871,0.08064516129032258,0.0967741935483871,0.04838709677419355,0.015425999999999987,0.038313399999999984,0.4532066626538327,0.08603881204433356,0.02360149999999996,0.05012799999999996,0.2854570960744917,0.12439610012186864,0.009594466666666667,0.012325799999999998,0.2926245388109647,0.1419844661638972
2006-06-30,0,0.22369056803164866,0,0.00609747619047619,0.034888507589664844,0.100632,0.026004936507936508,0.100632,9,9,5,0.07656320715488313,0.06398718762429674,0.04692805095608209,16.26798907314156,0.5185890221740838,17.828686658255897,0.0009179797166135628,0.0044888798204447845,63,0.0,0.0,0.1111111111111111,0.14285714285714285,0.14285714285714285,0.07936507936507936,0.02320528888888888,0.04916939999999999,0.4532066626538327,0.08603881204433356,0.02943377777777774,0.06098399999999996,0.2854570960744917,0.12439610012186864,0.013720800000000002,0.029782800000000005,0.2926245388109647,0.1419844661638972
2006-09-30,0,0.6703253329185831,1,0.002037873015873016,0.017977958638011896,0.043705,0.013314095238095238,0.043889,0,2,2,0.0,0.02519810222876406,0.025006160019737406,15.910114756651307,0.3531357264440923,17.242352976565485,0.0006989407788648953,0.002189895197872682,63,0.0,0.0,0.015873015873015872,0.0,0.031746031746031744,0.031746031746031744,0.0,0.0,0.4532066626538327,0.08603881204433356,0.004032499999999963,0.004056999999999963,0.2854570960744917,0.12439610012186864,0.004781299999999999,0.0070047999999999985,0.2926245388109647,0.1419844661638972
2006-12-31,0,0.4450643772577057,0,-0.000968031746031746,0.019050835640776472,0.055489,0.013488603174603176,0.062783,2,1,4,0.023344022314076104,0.0071459493748475995,0.03809268572743434,16.125635893205065,0.6444743566364317,18.285248128004756,0.0006196510887092759,0.0021241086329843815,63,0.0,0.0,0.1111111111111111,0.031746031746031744,0.015873015873015872,0.06349206349206349,0.00767339999999999,0.011320399999999994,0.4532066626538327,0.08603881204433356,0.01584099999999996,0.01584099999999996,0.2854570960744917,0.12439610012186864,0.012171300000000003,0.025898800000000007,0.2926245388109647,0.1419844661638972
2007-03-31,0,0.6049308596434194,1,0.0002541967213114755,0.019451110088989497,0.065385,0.013903901639344263,0.065385,3,2,2,0.03855008879261344,0.012525211577889743,0.020685150233724206,16.198246448108616,0.41330656025287066,17.170520919336084,0.0006538375389223202,0.0027201632097925295,61,0.0,0.0,0.03278688524590164,0.04918032786885246,0.03278688524590164,0.03278688524590164,0.006452733333333324,0.013922399999999988,0.4532066626538327,0.08603881204433356,0.020583999999999963,0.02573699999999996,0.2854570960744917,0.12439610012186864,0.010427300000000004,0.016397800000000004,0.2926245388109647,0.1419844661638972
2007-06-30,0,0.7075636316952569,1,0.0036825714285714283,0.02069929974171192,0.046729,0.016108857142857144,0.053946,1,4,1,0.014216178770130834,0.04723429371780202,0.007238410236675774,16.244577071119824,0.4474580887544643,17.30191577732749,0.0005617071150290296,0.0016136840406648608,63,0.0,0.0,0.06349206349206349,0.015873015873015872,0.06349206349206349,0.015873015873015872,0.0024833999999999898,0.0024833999999999898,0.4532066626538327,0.08603881204433356,0.0052789999999999625,0.007080999999999962,0.2854570960744917,0.12439610012186864,0.017061800000000002,0.017061800000000002,0.2926245388109647,0.1419844661638972
2007-09-30,0,0.1396815432506967,0,7.995238095238087e-05,0.029615786312658498,0.100496,0.02234630158730159,0.100496,2,6,5,0.0077002641113472145,0.05052335014010186,0.05814171319225853,16.55904032585521,0.47511055949943043,18.029253605856024,0.0008041875115792653,0.005797101449275293,63,0.0,0.0,0.14285714285714285,0.031746031746031744,0.09523809523809523,0.07936507936507936,0.04556039999999999,0.04903339999999999,0.4532066626538327,0.08603881204433356,0.023097999999999962,0.060847999999999965,0.2854570960744917,0.12439610012186864,0.0066392000000000005,0.011424799999999999,0.2926245388109647,0.1419844661638972
2007-12-31,0,0.4957985245120283,0,-0.0055249375,0.028358337542154367,0.066267,0.02197790625,0.084728,5,3,8,0.0490300617175449,0.025326593292327004,0.062368946475788924,16.507594498857948,0.46082158380106464,17.568253875998273,0.0008175807645646279,0.005867014341590603,64,0.0,0.0,0.15625,0.078125,0.046875,0.125,0.013723399999999992,0.03326539999999999,0.4532066626538327,0.08603881204433356,0.013925333333333297,0.02661899999999997,0.2854570960744917,0.12439610012186864,0.01846505,0.0478438,0.2926245388109647,0.1419844661638972
2008-03-31,0,0.6228624852803615,1,-0.0037042622950819674,0.03248636123406336,0.088615,0.025407639344262295,0.088615,5,5,10,0.04396920803475047,0.04021720640146543,0.09543707151837538,16.714899456696255,0.340201482990638,17.64494948416807,0.000806669811646158,0.002247191011235907,61,0.0,0.0,0.18032786885245902,0.08196721311475409,0.08196721311475409,0.16393442622950818,0.020697999999999987,0.03715239999999999,0.4532066626538327,0.08603881204433356,0.02309539999999996,0.04896699999999996,0.2854570960744917,0.12439610012186864,0.013362600000000002,0.035435799999999996,0.2926245388109647,0.1419844661638972
2008-06-30,0,0.6407359510283579,1,-0.0070142187500000005,0.03625139908825797,0.09434,0.0295470625,0.107728,9,8,13,0.08930597429615952,0.07205328579710543,0.12027648241264524,16.88443412562871,0.40061010990080614,17.96223725407299,0.0011811971140809354,0.0034934497816594694,64,0.0,0.0,0.34375,0.140625,0.125,0.203125,0.016764177777777764,0.05626539999999999,0.4532066626538327,0.08603881204433356,0.015523499999999964,0.054691999999999956,0.2854570960744917,0.12439610012186864,0.01606918461538462,0.07084380000000001,0.2926245388109647,0.1419844661638972
2008-09-30,0,0.03909176579199352,0,-0.0005669062499999993,0.07144489157956968,0.166667,0.05755996875,0.166667,32,17,21,0.2131294893873953,0.06423211406916329,0.11525656978599085,17.095246747770272,0.39464757629380026,18.300001278941384,0.002226381998910189,0.02024746906636667,64,0.015625,0.0,0.546875,0.5,0.265625,0.328125,0.03918364999999999,0.1152044,0.4532066626538327,0.08603881204433356,0.05213411764705879,0.12701899999999997,0.2854570960744917,0.12439610012186864,0.039434895238095236,0.11375379999999999,0.2926245388109647,0.1419844661638972
2008-12-31,0,0.0023584931460651397,0,-0.01005425,0.11740903959073616,0.351124,0.08403325,0.351124,34,16,25,0.1506707414827485,0.05779921810992624,0.09633256907439322,17.323023707519685,0.554250118803953,18.505988346175048,0.004421232000817207,0.017964071856287442,64,0.015625,0.0,0.71875,0.53125,0.25,0.390625,0.08578695882352941,0.29966139999999997,0.4532066626538327,0.08603881204433356,0.09445431249999997,0.311476,0.2854570960744917,0.12439610012186864,0.07649852000000001,0.2742588,0.2926245388109647,0.1419844661638972
2009-03-31,0,0.0015894008107757954,0,-0.002874672131147539,0.10262428845514128,0.254237,0.07487483606557377,0.281481,33,18,22,0.2001252695719445,0.06287170789465206,0.11844247242115848,16.537685402170435,0.5038205315481533,18.03849751235078,0.004913491085653419,0.021857923497267777,61,0.03278688524590164,0.0,0.22950819672131148,0.5409836065573771,0.29508196721311475,0.36065573770491804,0.06702970303030302,0.23001839999999996,0.4532066626538327,0.08603881204433356,0.07617283333333329,0.21458899999999995,0.2854570960744917,0.12439610012186864,0.0605422090909091,0.24459679999999998,0.2926245388109647,0.1419844661638972
2009-06-30,0,0.005839548531646247,0,-0.015365857142857143,0.11686082447511434,0.324138,0.08213866666666667,0.330357,23,13,15,0.18196185257377473,0.1006383014924628,0.08618704999592817,17.7739973101364,0.8132966479247193,19.649117649883976,0.005348524909117009,0.012500000000000011,42,0.0,0.0,0.9047619047619048,0.5476190476190477,0.30952380952380953,0.35714285714285715,0.08047161739130433,0.2788944,0.4532066626538327,0.08603881204433356,0.06124053846153843,0.28448999999999997,0.2854570960744917,0.12439610012186864,0.0924042,0.29347280000000003,0.2926245388109647,0.1419844661638972
2009-09-30,0,1.642351243450263e-11,0,,,,,,0,0,0,,,,0.0,0.0,,0.0,0.0,0,0.0,0.0,,0.0,,,0.0,0.0,0.4532066626538327,0.08603881204433356,0.0,0.0,0.2854570960744917,0.12439610012186864,0.0,0.0,0.2926245388109647,0.1419844661638972
2009-12-31,0,1.642351243450263e-11,0,,,,,,0,0,0,,,,0.0,0.0,,0.0,0.0,0,0.0,0.0,,0.0,,,0.0,0.0,0.4532066626538327,0.08603881204433356,0.0,0.0,0.2854570960744917,0.12439610012186864,0.0,0.0,0.2926245388109647,0.1419844661638972
2010-03-31,0,1.642351243450263e-11,0,,,,,,0,0,0,,,,0.0,0.0,,0.0,0.0,0,0.0,0.0,,0.0,,,0.0,0.0,0.4532066626538327,0.08603881204433356,0.0,0.0,0.2854570960744917,0.12439610012186864,0.0,0.0,0.2926245388109647,0.1419844661638972
2010-06-30,0,1.642351243450263e-11,0,,,,,,0,0,0,,,,0.0,0.0,,0.0,0.0,0,0.0,0.0,,0.0,,,0.0,0.0,0.4532066626538327,0.08603881204433356,0.0,0.0,0.2854570960744917,0.12439610012186864,0.0,0.0,0.2926245388109647,0.1419844661638972
2010-09-30,0,1.642351243450263e-11,0,,,,,,0,0,0,,,,0.0,0.0,,0.0,0.0,0,0.0,0.0,,0.0,,,0.0,0.0,0.4532066626538327,0.08603881204433356,0.0,0.0,0.2854570960744917,0.12439610012186864,0.0,0.0,0.2926245388109647,0.1419844661638972
2010-12-31,0,0.8306513760948535,1,0.002667551724137931,0.012185008891450553,0.03161,0.008915620689655174,0.03161,0,0,0,0.0,0.0,0.0,16.74263962206783,0.6245510646121897,18.49637432479253,0.00032068480700378385,0.000592066311426762,29,0.0,0.0,0.27586206896551724,0.0,0.0,0.0,0.0,0.0,0.4532066626538327,0.08603881204433356,0.0,0.0,0.2854570960744917,0.12439610012186864,0.0,0.0,0.2926245388109647,0.1419844661638972
2011-03-31,0,0.7815498345313908,1,-0.002633290322580645,0.016788517897450613,0.032177,0.013507709677419355,0.05353,1,0,2,0.014708477871355454,0.0,0.018038983454772377,16.490114373976873,0.5041459136082865,17.9675389672584,0.0003042912297652105,0.0006062443164596281,62,0.0,0.0,0.16129032258064516,0.016129032258064516,0.0,0.03225806451612903,0.00206739999999999,0.00206739999999999,0.4532066626538327,0.08603881204433356,0.0,0.0,0.2854570960744917,0.12439610012186864,0.012575300000000001,0.016645800000000002,0.2926245388109647,0.1419844661638972
2011-06-30,0,0.8476071022654564,1,-0.0002209047619047619,0.015951943651130663,0.044473,0.012369920634920635,0.04967,0,1,1,0.0,0.012071395123484544,0.008614424263887773,16.439818018768683,0.3731486179527797,17.728776810240685,0.0003258179616220052,0.0003500787677227924,63,0.0,0.0,0.06349206349206349,0.0,0.015873015873015872,0.015873015873015872,0.0,0.0,0.4532066626538327,0.08603881204433356,0.004824999999999961,0.004824999999999961,0.2854570960744917,0.12439610012186864,0.0127858,0.0127858,0.2926245388109647,0.1419844661638972
2011-09-30,0,0.5917813096197697,1,-0.005924125,0.02976050055929306,0.079013,0.0236920625,0.079013,6,3,9,0.05773441270296123,0.022797016779862823,0.07465185696739203,16.381704241693708,0.39604670270102593,17.474945779023365,0.0004080136419403517,0.0006837606837607907,64,0.0,0.0,0.109375,0.09375,0.046875,0.140625,0.013463233333333323,0.02755039999999999,0.4532066626538327,0.08603881204433356,0.022175666666666632,0.03936499999999996,0.2854570960744917,0.12439610012186864,0.01546957777777778,0.0292508,0.2926245388109647,0.1419844661638972
2011-12-31,0,0.3381852331324084,0,0.0006355714285714283,0.03364883041427811,0.085656,0.02548579365079365,0.109026,6,8,6,0.05119755886397741,0.08299430372632162,0.049877723127176206,16.23018266337684,0.40691206977338434,17.309536284649287,0.0004541390019858226,0.0007980845969672614,63,0.0,0.0,0.031746031746031744,0.09523809523809523,0.12698412698412698,0.09523809523809523,0.025290733333333325,0.05756339999999999,0.4532066626538327,0.08603881204433356,0.012142499999999962,0.04600799999999996,0.2854570960744917,0.12439610012186864,0.0270143,0.0721418,0.2926245388109647,0.1419844661638972
2012-03-31,0,0.4425952168819062,0,0.004058129032258064,0.022990341695193792,0.089852,0.015941645161290322,0.089852,4,4,1,0.040205318275422924,0.02395279296864172,0.007165498661840406,16.12375652095914,0.41902258807370424,17.38020058990422,0.00039869308463681973,0.0004751722499406777,62,0.0,0.0,0.03225806451612903,0.06451612903225806,0.06451612903225806,0.016129032258064516,0.01711639999999999,0.03838939999999999,0.4532066626538327,0.08603881204433356,0.027333999999999962,0.050203999999999964,0.2854570960744917,0.12439610012186864,0.017730799999999998,0.017730799999999998,0.2926245388109647,0.1419844661638972
2012-06-30,0,0.7085791686311663,1,-0.004004539682539682,0.01800066249750843,0.043275,0.014917365079365079,0.04559,0,1,3,0.0,0.012881901980339741,0.037289644115709536,15.988657771676875,0.39730089205534297,17.204034671943297,0.00044778263431979003,0.0005087763927754547,63,0.0,0.0,0.031746031746031744,0.0,0.015873015873015872,0.047619047619047616,0.0,0.0,0.4532066626538327,0.08603881204433356,0.0036269999999999636,0.0036269999999999636,0.2854570960744917,0.12439610012186864,0.004977800000000002,0.0087058,0.2926245388109647,0.1419844661638972
2012-09-30,0,0.5749815665496543,1,0.00248168253968254,0.020790230383853914,0.059086,0.01634688888888889,0.059086,2,4,1,0.02444276542755305,0.0383367941209016,0.01438598996903691,15.863933538143216,0.3476688210765285,16.703228854098043,0.00047402331302061893,0.0005320563979782688,63,0.0,0.0,0.0,0.031746031746031744,0.06349206349206349,0.015873015873015872,0.00618489999999999,0.0076233999999999885,0.4532066626538327,0.08603881204433356,0.011176249999999964,0.019437999999999962,0.2854570960744917,0.12439610012186864,0.0018448000000000006,0.0018448000000000006,0.2926245388109647,0.1419844661638972
2012-12-31,0,0.22423702392191258,0,0.004075016129032259,0.02266337742796423,0.095361,0.016182080645161287,0.095361,2,3,2,0.013051074080049012,0.018566522648885336,0.02634097521007385,15.953626033517834,0.44469169762248456,17.820619471337128,0.00039759676712856456,0.0004329941545789809,62,0.0,0.0,0.03225806451612903,0.03225806451612903,0.04838709677419355,0.03225806451612903,0.02936839999999999,0.04389839999999999,0.4532066626538327,0.08603881204433356,0.02933366666666663,0.055712999999999964,0.2854570960744917,0.12439610012186864,0.004236799999999999,0.007407799999999999,0.2926245388109647,0.1419844661638972
2013-03-31,0,0.7690818430444587,1,-0.0004900500000000001,0.01453902580540866,0.039146,0.010571116666666667,0.042157,0,0,1,0.0,0.0,0.012708953543495083,16.1348751924855,0.3732580521679317,17.15842186668847,0.0003523881985620291,0.0003797228023543407,60,0.0,0.0,0.03333333333333333,0.0,0.0,0.016666666666666666,0.0,0.0,0.4532066626538327,0.08603881204433356,0.0,0.0,0.2854570960744917,0.12439610012186864,0.005272800000000001,0.005272800000000001,0.2926245388109647,0.1419844661638972
2013-06-30,0,0.8101195746978292,1,0.002964875,0.017319159147355528,0.047585,0.014164375,0.047585,0,1,0,0.0,0.01011909098229796,0.0,16.37167410964221,0.4350057278961613,18.195723060595245,0.0003173012569799946,0.0003633060853769869,64,0.0,0.0,0.0625,0.0,0.015625,0.0,0.0,0.0,0.4532066626538327,0.08603881204433356,0.007936999999999965,0.007936999999999965,0.2854570960744917,0.12439610012186864,0.0,0.0,0.2926245388109647,0.1419844661638972
2013-09-30,1,0.8287819263676101,1,0.0012915000000000001,0.013573953171365099,0.050088,0.0104334375,0.050088,0,1,0,0.0,0.008961241851569223,0.0,16.35200129653649,0.36092462540476566,17.391358510607716,0.0002793316359117086,0.000586682311528399,64,0.0,0.0,0.03125,0.0,0.015625,0.0,0.0,0.0,0.4532066626538327,0.08603881204433356,0.010439999999999963,0.010439999999999963,0.2854570960744917,0.12439610012186864,0.0,0.0,0.2926245388109647,0.1419844661638972
2013-12-31,1,0.8937202760020359,1,0.0021099375000000003,0.015169895761823914,0.048554,0.0117454375,0.048554,0,1,0,0.0,0.009646674521706644,0.0,16.796823598559506,0.45098577353837493,17.763879012316984,0.0002655507437581463,0.00029278290147849537,64,0.0,0.0,0.296875,0.0,0.015625,0.0,0.0,0.0,0.4532066626538327,0.08603881204433356,0.008905999999999963,0.008905999999999963,0.2854570960744917,0.12439610012186864,0.0,0.0,0.2926245388109647,0.1419844661638972
2014-03-31,1,0.9256432861063931,1,-0.0025437704918032785,0.0158501283521548,0.024979,0.012620688524590164,0.051496,1,0,2,0.01636847486917879,0.0,0.021229470191294068,17.012150593115393,0.4144090561582154,18.306546305313315,0.0002730702899399524,0.00029338418659249275,61,0.0,0.0,0.45901639344262296,0.01639344262295082,0.0,0.03278688524590164,3.3399999999988994e-05,3.3399999999988994e-05,0.4532066626538327,0.08603881204433356,0.0,0.0,0.2854570960744917,0.12439610012186864,0.0095563,0.014611800000000001,0.2926245388109647,0.1419844661638972
2014-06-30,1,0.8475338907033879,1,0.0010691111111111114,0.01384990407223226,0.035735,0.010746031746031746,0.041141,0,0,1,0.0,0.0,0.012723262283188099,16.551425179015972,0.4517159992841564,17.65646346453317,0.00028710200262419575,0.0003132341425214725,63,0.0,0.0,0.1746031746031746,0.0,0.0,0.015873015873015872,0.0,0.0,0.4532066626538327,0.08603881204433356,0.0,0.0,0.2854570960744917,0.12439610012186864,0.004256799999999998,0.004256799999999998,0.2926245388109647,0.1419844661638972
2014-09-30,1,0.7977721709114693,1,-0.001785765625,0.012008811757750445,0.035537,0.008706546875,0.04464,0,0,1,0.0,0.0,0.010590642730422355,16.22958570366352,0.3712689350858054,17.390496135080472,0.00028764845946373084,0.0003131360576170835,64,0.0,0.0,0.046875,0.0,0.0,0.015625,0.0,0.0,0.4532066626538327,0.08603881204433356,0.0,0.0,0.2854570960744917,0.12439610012186864,0.0077558,0.0077558,0.2926245388109647,0.1419844661638972
2014-12-31,1,0.744939673465339,1,0.0016917656250000001,0.017901713299882237,0.042407,0.013906890625,0.058667,1,1,1,0.011526422485379967,0.01330764228836211,0.005960126696573796,16.411910247050358,0.41092887223082414,17.25396293998033,0.00031364934619717644,0.0003367570298029301,64,0.0,0.0,0.125,0.015625,0.015625,0.015625,0.007204399999999986,0.007204399999999986,0.4532066626538327,0.08603881204433356,0.002758999999999963,0.002758999999999963,0.2854570960744917,0.12439610012186864,0.021782799999999998,0.021782799999999998,0.2926245388109647,0.1419844661638972
2015-03-31,1,0.8300785371732837,1,0.001412606557377049,0.014927512358370016,0.054444,0.010815459016393442,0.054444,1,2,0,0.014371633161664926,0.02182744729383656,0.0,16.480723520888592,0.35643981245259587,17.713396342133557,0.0002756825287019108,0.0003064194882793936,61,0.0,0.0,0.06557377049180328,0.01639344262295082,0.03278688524590164,0.0,0.0029813999999999882,0.0029813999999999882,0.4532066626538327,0.08603881204433356,0.008684999999999964,0.014795999999999962,0.2854570960744917,0.12439610012186864,0.0,0.0,0.2926245388109647,0.1419844661638972
2015-06-30,1,0.8615576634888784,1,-0.0006930000000000003,0.010849051743981578,0.016197,0.008235099999999999,0.033369,0,0,0,0.0,0.0,0.0,16.48933779583608,0.3632981435166031,17.84485446561493,0.000279370108513167,0.00028864193967377723,40,0.0,0.0,0.075,0.0,0.0,0.0,0.0,0.0,0.4532066626538327,0.08603881204433356,0.0,0.0,0.2854570960744917,0.12439610012186864,0.0,0.0,0.2926245388109647,0.1419844661638972
