quarter_end,RET_mean,RET_std,abs_RET_mean,abs_RET_max,abs_exceed_sum,upper_exceed_sum,lower_exceed_sum,abs_extreme_score_mean,upper_extreme_score_mean,lower_extreme_score_mean,days_in_quarter,abs_exceed_ratio,upper_exceed_ratio,lower_exceed_ratio,abs_mean_excess,abs_max_excess,abs_es_q,upper_mean_excess,upper_max_excess,upper_es_q,lower_mean_excess,lower_max_excess,lower_es_q,municipal_decline,pred_prob
1990-03-31,0.0016645555555555554,0.015480737808308939,0.011958079365079364,0.046647,0,2,0,0.0,0.024777858895126386,0.0,63,0.0,0.031746031746031744,0.0,0.0,0.0,0.165028275707984,0.004595300000000021,0.007687800000000022,0.15664382614111674,0.0,0.0,0.13299501017398394,0,0.24062635359602846
1990-06-30,-0.000901968253968254,0.011027447667683217,0.008740507936507937,0.025352,0,0,0,0.0,0.0,0.0,63,0.0,0.0,0.0,0.0,0.0,0.165028275707984,0.0,0.0,0.15664382614111674,0.0,0.0,0.13299501017398394,0,0.7994022299479313
1990-09-30,-0.005099238095238095,0.016550445228115405,0.013756444444444444,0.037736,0,0,0,0.0,0.0,0.0,63,0.0,0.0,0.0,0.0,0.0,0.165028275707984,0.0,0.0,0.15664382614111674,0.0,0.0,0.13299501017398394,0,0.2940030777419172
1990-12-31,-0.001677890625,0.02221092030004945,0.016062984375,0.067511,3,2,5,0.030198929164796915,0.028755101821318574,0.03497116043334387,64,0.046875,0.03125,0.078125,0.00930920000000001,0.01840520000000001,0.165028275707984,0.001412800000000023,0.002136800000000022,0.15664382614111674,0.0155222,0.0316356,0.13299501017398394,0,0.03381709148628459
1991-03-31,0.0038993278688524593,0.021906316665687476,0.017096803278688524,0.069672,1,4,2,0.0059941471419362674,0.04295877135002802,0.024859491070248454,61,0.01639344262295082,0.06557377049180328,0.03278688524590164,0.020566200000000007,0.020566200000000007,0.165028275707984,0.010938050000000022,0.03071280000000002,0.15664382614111674,0.004146599999999997,0.006432599999999997,0.13299501017398394,0,0.009854512924927818
1991-06-30,0.002027734375,0.019038967672629588,0.015103703125,0.049822,1,2,1,0.014986207656514528,0.02037261412485814,0.014504168562993596,64,0.015625,0.03125,0.015625,0.0007162000000000071,0.0007162000000000071,0.165028275707984,0.007849800000000021,0.01086280000000002,0.15664382614111674,0.0010246000000000005,0.0010246000000000005,0.13299501017398394,0,0.08887608478322577
1991-09-30,-0.002499140625,0.01795679643969759,0.013428234375,0.062241,2,2,1,0.019258154542926408,0.011514819767451789,0.01548290183338177,64,0.03125,0.03125,0.015625,0.009440700000000007,0.013135200000000007,0.165028275707984,0.01958730000000002,0.02328180000000002,0.15664382614111674,0.00012459999999999555,0.00012459999999999555,0.13299501017398394,0,0.0567672657356691
1991-12-31,-0.0005549062500000002,0.02165716035682495,0.0152248125,0.10396,1,1,2,0.0018158196070768974,0.0011478187169064605,0.025408452299837674,64,0.015625,0.015625,0.03125,0.054854200000000006,0.054854200000000006,0.165028275707984,0.06500080000000003,0.06500080000000003,0.15664382614111674,0.0029140999999999993,0.003425600000000001,0.13299501017398394,0,0.013737215566836864
1992-03-31,0.005384126984126984,0.022436963008574288,0.01809520634920635,0.07377,3,3,1,0.033109286479569115,0.02305066778958836,0.0066023129723244995,63,0.047619047619047616,0.047619047619047616,0.015873015873015872,0.009691200000000011,0.02466420000000001,0.165028275707984,0.017667133333333356,0.034810800000000024,0.15664382614111674,0.0135546,0.0135546,0.13299501017398394,0,0.03290828530494148
1992-06-30,0.003126111111111111,0.01704260651550384,0.013429444444444445,0.04507,0,2,1,0.0,0.023902316300635086,0.008798528256888314,63,0.0,0.031746031746031744,0.015873015873015872,0.0,0.0,0.165028275707984,0.004943300000000022,0.00611080000000002,0.15664382614111674,0.008743599999999997,0.008743599999999997,0.13299501017398394,0,0.3239676086656994
1992-09-30,-0.0019275625,0.0232158408794957,0.01780371875,0.065217,4,2,5,0.04618852535234831,0.019126685000922957,0.037624773204777986,64,0.0625,0.03125,0.078125,0.006530450000000007,0.016111200000000006,0.165028275707984,0.013535800000000021,0.02625780000000002,0.15664382614111674,0.012281799999999997,0.019842599999999995,0.13299501017398394,0,0.013033921163425315
1992-12-31,0.0016597343749999998,0.021219815288188334,0.016590984375,0.07309,2,1,2,0.018701061572483538,0.007931011369364182,0.011127205912680188,64,0.03125,0.015625,0.03125,0.01312420000000001,0.02398420000000001,0.165028275707984,0.01241080000000002,0.01241080000000002,0.15664382614111674,0.0226131,0.0372146,0.13299501017398394,0,0.24139801905907268
1993-03-31,0.003408064516129032,0.01790791193022479,0.013735548387096775,0.058974,2,2,1,0.02506491781161993,0.01461292914950336,0.011974820550407104,62,0.03225806451612903,0.03225806451612903,0.016129032258064516,0.005250200000000007,0.009868200000000008,0.165028275707984,0.01539680000000002,0.02001480000000002,0.15664382614111674,0.004231599999999995,0.004231599999999995,0.13299501017398394,0,0.1414926424338716
1993-06-30,0.0003425396825396826,0.017062573250534386,0.013387777777777778,0.044811,0,1,0,0.0,0.011335951169930159,0.0,63,0.0,0.015873015873015872,0.0,0.0,0.0,0.165028275707984,0.005851800000000018,0.005851800000000018,0.15664382614111674,0.0,0.0,0.13299501017398394,0,0.2748360525925831
1993-09-30,0.0011580937500000003,0.01825917287258849,0.0150128125,0.04119,0,1,1,0.0,0.013688709875713443,0.013070622942191095,64,0.0,0.015625,0.015625,0.0,0.0,0.165028275707984,0.002230800000000019,0.002230800000000019,0.15664382614111674,0.0024935999999999986,0.0024935999999999986,0.13299501017398394,0,0.23638192971904134
1993-12-31,0.0026321093750000003,0.014706709887599126,0.011112640625,0.041408,0,2,0,0.0,0.027582899616810548,0.0,64,0.0,0.03125,0.0,0.0,0.0,0.165028275707984,0.0021068000000000232,0.002448800000000022,0.15664382614111674,0.0,0.0,0.13299501017398394,0,0.3066989332731852
1994-03-31,-0.001253730158730159,0.01632584178060556,0.013235444444444446,0.040619,0,1,1,0.0,0.0143779499888118,0.01517043490502676,63,0.0,0.015873015873015872,0.015873015873015872,0.0,0.0,0.165028275707984,0.0016598000000000238,0.0016598000000000238,0.15664382614111674,0.0006205999999999989,0.0006205999999999989,0.13299501017398394,0,0.2518378984653044
1994-06-30,0.0003471612903225806,0.017737545963104114,0.013304,0.042827,0,2,1,0.0,0.027620456654154642,0.014745009246347434,62,0.0,0.03225806451612903,0.016129032258064516,0.0,0.0,0.165028275707984,0.0026788000000000194,0.0038678000000000184,0.15664382614111674,0.0012375999999999984,0.0012375999999999984,0.13299501017398394,0,0.1310908259991602
1994-09-30,-0.0006438125000000003,0.0199156995795293,0.01487609375,0.063492,1,1,3,0.0074593530087679995,0.009945961412086646,0.02633279081823434,64,0.015625,0.015625,0.046875,0.014386200000000016,0.014386200000000016,0.165028275707984,0.007988800000000018,0.007988800000000018,0.15664382614111674,0.0124996,0.027616600000000005,0.13299501017398394,0,0.1973049971679938
1994-12-31,0.0003266984126984126,0.015298797210401786,0.012425650793650793,0.039823,0,1,0,0.0,0.015071085787976913,0.0,63,0.0,0.015873015873015872,0.0,0.0,0.0,0.165028275707984,0.0008638000000000187,0.0008638000000000187,0.15664382614111674,0.0,0.0,0.13299501017398394,0,0.34522462097115153
1995-03-31,-0.0002895079365079364,0.016305716641394578,0.012244587301587301,0.042254,0,1,1,0.0,0.013078755569055718,0.01116824361390884,63,0.0,0.015873015873015872,0.015873015873015872,0.0,0.0,0.165028275707984,0.0032948000000000213,0.0032948000000000213,0.15664382614111674,0.005033599999999999,0.005033599999999999,0.13299501017398394,0,0.40306548210117327
1995-06-30,0.0019195079365079367,0.015899818741990798,0.012302746031746033,0.046083,0,1,0,0.0,0.010580587566909086,0.0,63,0.0,0.015873015873015872,0.0,0.0,0.0,0.165028275707984,0.00712380000000002,0.00712380000000002,0.15664382614111674,0.0,0.0,0.13299501017398394,0,0.4084932060691632
1995-09-30,0.0010595555555555553,0.018801944712198617,0.015061968253968253,0.04065,0,3,1,0.0,0.044413743724315335,0.014273532602428012,63,0.0,0.047619047619047616,0.015873015873015872,0.0,0.0,0.165028275707984,0.0011841333333333533,0.00169080000000002,0.15664382614111674,0.0014686000000000005,0.0014686000000000005,0.13299501017398394,0,0.036798463656115506
1995-12-31,-0.000892968253968254,0.015106878931913502,0.010908460317460317,0.0625,1,1,0,0.007928475981615607,0.004834358773687099,0.0,63,0.015873015873015872,0.015873015873015872,0.0,0.013394200000000009,0.013394200000000009,0.165028275707984,0.02354080000000002,0.02354080000000002,0.15664382614111674,0.0,0.0,0.13299501017398394,0,0.2521520367843054
1996-03-31,0.003097984126984127,0.016634024134859815,0.013345634920634921,0.042308,0,2,0,0.0,0.027482513967471523,0.0,63,0.0,0.031746031746031744,0.0,0.0,0.0,0.165028275707984,0.002465300000000021,0.00334880000000002,0.15664382614111674,0.0,0.0,0.13299501017398394,0,0.19050907896915498
1996-06-30,-0.0006971428571428571,0.014235609742379399,0.011395111111111111,0.035336,0,0,0,0.0,0.0,0.0,63,0.0,0.0,0.0,0.0,0.0,0.165028275707984,0.0,0.0,0.15664382614111674,0.0,0.0,0.13299501017398394,0,0.6265526845914244
1996-09-30,-0.0002411562499999999,0.016075789209409195,0.01138496875,0.057377,1,2,2,0.009980043610986733,0.018679268680921,0.021788499209501738,64,0.015625,0.03125,0.03125,0.008271200000000006,0.008271200000000006,0.165028275707984,0.010964800000000021,0.01841780000000002,0.15664382614111674,0.006626099999999999,0.0126316,0.13299501017398394,0,0.22429040932013697
1996-12-31,0.000772859375,0.013289356723437286,0.009832828125,0.032787,0,0,0,0.0,0.0,0.0,64,0.0,0.0,0.0,0.0,0.0,0.165028275707984,0.0,0.0,0.15664382614111674,0.0,0.0,0.13299501017398394,0,0.7606671759704932
1997-03-31,-0.00018624590163934443,0.012044957326139622,0.009635721311475411,0.033962,0,0,0,0.0,0.0,0.0,61,0.0,0.0,0.0,0.0,0.0,0.165028275707984,0.0,0.0,0.15664382614111674,0.0,0.0,0.13299501017398394,0,0.7703108967446147
1997-06-30,0.003306484375,0.01567788125464256,0.013109765625,0.048872,0,1,0,0.0,0.008996232947059275,0.0,64,0.0,0.015625,0.0,0.0,0.0,0.165028275707984,0.00991280000000002,0.00991280000000002,0.15664382614111674,0.0,0.0,0.13299501017398394,0,0.42833051633797925
1997-09-30,0.00298359375,0.016663264219099323,0.01351134375,0.037398,0,0,0,0.0,0.0,0.0,64,0.0,0.0,0.0,0.0,0.0,0.165028275707984,0.0,0.0,0.15664382614111674,0.0,0.0,0.13299501017398394,0,0.5830517048096467
1997-12-31,0.0014958437499999998,0.02039496746999569,0.0153411875,0.060086,2,2,3,0.021634877738186457,0.017939635843030988,0.02819025774506686,64,0.03125,0.03125,0.046875,0.00718220000000001,0.01098020000000001,0.165028275707984,0.012360300000000022,0.021126800000000022,0.15664382614111674,0.0087186,0.0166146,0.13299501017398394,0,0.07787045185060468
1998-03-31,0.00503972131147541,0.017987562814466323,0.015026409836065574,0.043767,0,1,1,0.0,0.014158313748680172,0.009585139672780806,61,0.0,0.01639344262295082,0.01639344262295082,0.0,0.0,0.165028275707984,0.002476800000000022,0.002476800000000022,0.15664382614111674,0.007891599999999999,0.007891599999999999,0.13299501017398394,0,0.44651571713892324
1998-06-30,0.0055621111111111106,0.021296308370921724,0.016099222222222223,0.078014,3,4,0,0.0292310945078795,0.03050885796565508,0.0,63,0.047619047619047616,0.06349206349206349,0.0,0.012448866666666676,0.02890820000000001,0.165028275707984,0.017723550000000022,0.03905480000000002,0.15664382614111674,0.0,0.0,0.13299501017398394,0,0.012309480076933898
1998-09-30,-0.0029878593749999996,0.030087769075889254,0.024524734375,0.069264,8,6,9,0.07717787003567997,0.046342319901325424,0.06503633523262414,64,0.125,0.09375,0.140625,0.009979575000000008,0.020158200000000015,0.165028275707984,0.015019800000000022,0.030304800000000028,0.15664382614111674,0.014408933333333334,0.028344599999999998,0.13299501017398394,0,6.0973648144957004e-05
1998-12-31,0.00398853125,0.027498605629278066,0.020151625,0.078261,6,7,3,0.04574012085783248,0.059039504341509466,0.013355534018781161,64,0.09375,0.109375,0.046875,0.016080700000000007,0.029155200000000006,0.165028275707984,0.01510580000000002,0.03702880000000002,0.15664382614111674,0.025787599999999997,0.042385599999999996,0.13299501017398394,0,0.001034492180195689
1999-03-31,-0.00018613114754098377,0.022904992516534762,0.0190547868852459,0.051567,1,1,5,0.014238293220910315,0.008240386801079268,0.06265802685588166,61,0.01639344262295082,0.01639344262295082,0.08196721311475409,0.0024612000000000106,0.0024612000000000106,0.165028275707984,0.012607800000000023,0.012607800000000023,0.15664382614111674,0.003930799999999998,0.0065676,0.13299501017398394,0,0.04527596371143955
1999-06-30,0.0002656349206349206,0.021391066424653122,0.015649952380952382,0.053676,2,3,4,0.025397696913100242,0.03232416206475393,0.04353817219345475,63,0.031746031746031744,0.047619047619047616,0.06349206349206349,0.0039667000000000105,0.00457020000000001,0.165028275707984,0.007575800000000021,0.014716800000000023,0.15664382614111674,0.006795099999999998,0.0165936,0.13299501017398394,0,0.022790602233863772
1999-09-30,-0.0014959843750000001,0.01903045803525228,0.014769015625,0.067308,1,0,2,0.0063082250596761535,0.0,0.01404636872194629,64,0.015625,0.0,0.03125,0.018202200000000016,0.018202200000000016,0.165028275707984,0.0,0.0,0.15664382614111674,0.0179581,0.031432600000000005,0.13299501017398394,0,0.46148966086691656
1999-12-31,0.0012097031249999998,0.016938625537538235,0.012300359375,0.047114,0,0,3,0.0,0.0,0.0318658646297946,64,0.0,0.0,0.046875,0.0,0.0,0.165028275707984,0.0,0.0,0.15664382614111674,0.006353266666666665,0.011238600000000001,0.13299501017398394,0,0.6874719192031001
2000-03-31,-0.0018186507936507935,0.028041819986698625,0.021564015873015874,0.09472,4,6,4,0.030964518144324056,0.05314698748154507,0.03131747794229239,63,0.06349206349206349,0.09523809523809523,0.06349206349206349,0.02020870000000001,0.04561420000000001,0.165028275707984,0.018489633333333356,0.05576080000000002,0.15664382614111674,0.012162099999999999,0.0186206,0.13299501017398394,0,0.0002098666576021524
2000-06-30,9.97936507936507e-05,0.027142087546096354,0.019389666666666666,0.110706,5,4,5,0.05276842658222509,0.027424429432805705,0.042600860277980594,63,0.07936507936507936,0.06349206349206349,0.07936507936507936,0.015598400000000007,0.06160020000000001,0.165028275707984,0.026497050000000022,0.07174680000000003,0.15664382614111674,0.010608199999999998,0.0203816,0.13299501017398394,0,0.001109380121017194
2000-09-30,0.0007428888888888891,0.023402768100756324,0.016035968253968254,0.087866,3,2,4,0.020230054715012855,0.00865398484044663,0.03585541813662753,63,0.047619047619047616,0.031746031746031744,0.06349206349206349,0.021753533333333342,0.03876020000000001,0.165028275707984,0.032473800000000025,0.04890680000000002,0.15664382614111674,0.012808349999999996,0.033836599999999994,0.13299501017398394,0,0.03404500189991066
2000-12-31,-0.0004610793650793655,0.034491334368589706,0.027530253968253968,0.09322,9,8,7,0.07354474720624517,0.06410017225731408,0.03913159725228139,63,0.14285714285714285,0.12698412698412698,0.1111111111111111,0.01677764444444445,0.044114200000000006,0.165028275707984,0.01987730000000002,0.05426080000000002,0.15664382614111674,0.01931717142857143,0.0331786,0.13299501017398394,0,7.005659555431212e-06
2001-03-31,0.003392806451612903,0.023863212398206678,0.018696129032258063,0.072139,2,4,3,0.01940148341746395,0.041070348323369726,0.03229447942429649,62,0.03225806451612903,0.06451612903225806,0.04838709677419355,0.012711700000000006,0.023033200000000004,0.165028275707984,0.011895800000000019,0.033179800000000016,0.15664382614111674,0.00710793333333333,0.015620599999999998,0.13299501017398394,0,0.0057390083849415624
2001-06-30,-0.0017608571428571426,0.021796573547572713,0.01678873015873016,0.063366,2,4,2,0.02208945279632306,0.03736401122052514,0.021383343450361067,63,0.031746031746031744,0.06349206349206349,0.031746031746031744,0.00793220000000001,0.014260200000000015,0.165028275707984,0.011312050000000023,0.024406800000000027,0.15664382614111674,0.005808599999999997,0.007465599999999996,0.13299501017398394,0,0.006653494936010224
2001-09-30,-0.005158203389830508,0.03147253627386334,0.021251694915254235,0.146907,5,3,5,0.032006568534078086,0.029211152324784363,0.022361435211947535,59,0.0847457627118644,0.05084745762711865,0.0847457627118644,0.03299380000000001,0.09780120000000002,0.165028275707984,0.014227133333333352,0.032096800000000016,0.15664382614111674,0.0403296,0.11103160000000001,0.13299501017398394,0,0.0026990886923754817
2001-12-31,-0.001098046875,0.02445704589971211,0.019347953125,0.068323,3,2,5,0.026912351041982224,0.027256710634380236,0.030474768978607847,64,0.046875,0.03125,0.078125,0.011582200000000008,0.019217200000000004,0.165028275707984,0.0025073000000000213,0.004823800000000024,0.15664382614111674,0.018050999999999998,0.03244759999999999,0.13299501017398394,0,0.01854725396540572
2002-03-31,0.0011834,0.023683937972203577,0.01869833333333333,0.062538,2,3,4,0.023191379571611857,0.03220958270597625,0.043670340373536974,60,0.03333333333333333,0.05,0.06666666666666667,0.007700700000000008,0.013432200000000005,0.165028275707984,0.008035800000000022,0.012115800000000024,0.15664382614111674,0.009034599999999997,0.026662599999999995,0.13299501017398394,0,0.011544336125715557
2002-06-30,-0.00013576562499999993,0.02211611349345331,0.017612359375,0.053121,2,2,3,0.026622600416042252,0.01543634753011373,0.024637770834642348,64,0.03125,0.03125,0.046875,0.0028582000000000087,0.00401520000000001,0.165028275707984,0.013004800000000021,0.014161800000000023,0.15664382614111674,0.009614933333333332,0.010213599999999996,0.13299501017398394,0,0.04161371489143053
2002-09-30,-0.007042890625,0.03094064754974225,0.025791234375,0.074123,7,5,9,0.05359502384611642,0.03804221071115809,0.05920457871606613,64,0.109375,0.078125,0.140625,0.01506648571428572,0.025017200000000003,0.165028275707984,0.01662800000000002,0.02849280000000002,0.15664382614111674,0.017292599999999998,0.03824759999999999,0.13299501017398394,0,7.921618540974009e-05
2002-12-31,0.0005351718749999998,0.04926302558088255,0.034194046875,0.156174,14,9,10,0.07825936851180391,0.046383675768709984,0.042214410835640565,64,0.21875,0.140625,0.15625,0.039448842857142875,0.10706820000000002,0.165028275707984,0.04863946666666669,0.11721480000000004,0.15664382614111674,0.0316159,0.0942556,0.13299501017398394,0,2.1350625011558298e-07
2003-03-31,-0.0028506557377049177,0.030477577587403087,0.024478295081967215,0.072727,8,6,7,0.07668555257857433,0.03972815778574258,0.06365685921374334,61,0.13114754098360656,0.09836065573770492,0.11475409836065574,0.01209420000000001,0.02362120000000001,0.165028275707984,0.021848300000000025,0.03376780000000002,0.15664382614111674,0.010667742857142854,0.021481599999999997,0.13299501017398394,0,4.97133449668913e-05
2003-06-30,0.006562571428571428,0.027621466672134116,0.020907619047619046,0.105389,6,10,1,0.061356543164233834,0.09139622322184923,0.005898000588655479,63,0.09523809523809523,0.15873015873015872,0.015873015873015872,0.01394370000000001,0.056283200000000005,0.165028275707984,0.015311200000000021,0.06642980000000001,0.15664382614111674,0.0155536,0.0155536,0.13299501017398394,0,3.932122948406603e-05
2003-09-30,1.292187499999994e-05,0.019298893534616595,0.014410140625,0.064879,2,1,2,0.01780025995701911,0.004306496260172435,0.016237041848558655,64,0.03125,0.015625,0.03125,0.011254700000000013,0.015773200000000015,0.165028275707984,0.025919800000000028,0.025919800000000028,0.15664382614111674,0.0120636,0.0199666,0.13299501017398394,0,0.17225863045247553
2003-12-31,0.006554328125,0.02163189379028376,0.015907046875,0.101706,2,3,1,0.010331449399467065,0.02030643603268767,0.014476049611551287,64,0.03125,0.046875,0.015625,0.03221020000000001,0.052600200000000014,0.165028275707984,0.02885680000000002,0.06274680000000002,0.15664382614111674,0.0010515999999999998,0.0010515999999999998,0.13299501017398394,0,0.0210149611938303
2004-03-31,-0.0023990483870967743,0.017489280486870807,0.014326596774193548,0.047497,0,0,3,0.0,0.0,0.03449955309148289,62,0.0,0.0,0.04838709677419355,0.0,0.0,0.165028275707984,0.0,0.0,0.15664382614111674,0.005655933333333332,0.011621599999999996,0.13299501017398394,0,0.4333048830121187
2004-06-30,0.002635548387096774,0.02181848856065403,0.01612758064516129,0.10177,2,2,0,0.013295773919261922,0.007955140319589668,0.0,62,0.03225806451612903,0.03225806451612903,0.0,0.02955720000000001,0.05266420000000001,0.165028275707984,0.039703800000000025,0.06281080000000003,0.15664382614111674,0.0,0.0,0.13299501017398394,0,0.018069007101356626
2004-09-30,-0.00147340625,0.014791866328598798,0.01158771875,0.040256,0,0,1,0.0,0.0,0.011484671184058489,64,0.0,0.0,0.015625,0.0,0.0,0.165028275707984,0.0,0.0,0.15664382614111674,0.004380599999999998,0.004380599999999998,0.13299501017398394,0,0.6551037696147957
2004-12-31,0.0008412812499999999,0.012732908771865866,0.00877175,0.041636,0,1,1,0.0,0.014680260814573723,0.010478362818589455,64,0.0,0.015625,0.015625,0.0,0.0,0.165028275707984,0.0010408000000000223,0.0010408000000000223,0.15664382614111674,0.005760599999999998,0.005760599999999998,0.13299501017398394,0,0.7196727551920995
2005-03-31,-0.0039887213114754095,0.01290043761806959,0.010537639344262295,0.03374,0,0,0,0.0,0.0,0.0,61,0.0,0.0,0.0,0.0,0.0,0.165028275707984,0.0,0.0,0.15664382614111674,0.0,0.0,0.13299501017398394,0,0.5912012612882009
2005-06-30,-0.00112121875,0.024290844683613873,0.01838740625,0.072862,4,3,5,0.03775657390901588,0.015258748882004633,0.053074261681425865,64,0.0625,0.046875,0.078125,0.011710450000000008,0.023756200000000005,0.165028275707984,0.02429913333333335,0.03390280000000002,0.15664382614111674,0.0071362,0.0176146,0.13299501017398394,0,0.006597194635590528
2005-09-30,-0.00037026562499999994,0.01239479906960748,0.009965703125,0.027831,0,0,0,0.0,0.0,0.0,64,0.0,0.0,0.0,0.0,0.0,0.165028275707984,0.0,0.0,0.15664382614111674,0.0,0.0,0.13299501017398394,0,0.7414150010469122
2005-12-31,-0.003475888888888889,0.020454245467597807,0.01467915873015873,0.076923,1,2,4,0.004369087724515915,0.015700763877750306,0.041512237793448196,63,0.015873015873015872,0.031746031746031744,0.06349206349206349,0.027817200000000014,0.027817200000000014,0.165028275707984,0.020714300000000026,0.03796380000000003,0.15664382614111674,0.006767849999999999,0.011017599999999995,0.13299501017398394,0,0.031588486526675515
2006-03-31,0.0008460806451612906,0.018433354086064807,0.01470682258064516,0.053165,1,2,3,0.012829817541321602,0.02064326897413734,0.03937460996042502,62,0.016129032258064516,0.03225806451612903,0.04838709677419355,0.004059200000000006,0.004059200000000006,0.165028275707984,0.00884680000000002,0.014205800000000018,0.15664382614111674,0.0030712666666666624,0.005557599999999996,0.13299501017398394,0,0.09137195895708282
2006-06-30,-0.001670095238095238,0.024682692943158925,0.017851460317460315,0.082812,4,2,5,0.03804118682139567,0.012834100970692095,0.030904669742373814,63,0.06349206349206349,0.031746031746031744,0.07936507936507936,0.01631470000000001,0.033706200000000006,0.165028275707984,0.025473300000000018,0.04385280000000002,0.15664382614111674,0.018235999999999995,0.043369599999999994,0.13299501017398394,0,0.014737287546793716
2006-09-30,0.003010857142857143,0.02932799160653199,0.021828,0.117712,4,6,4,0.025910219346374826,0.06437129238962046,0.017987459527227804,63,0.06349206349206349,0.09523809523809523,0.06349206349206349,0.026926200000000008,0.0686062,0.165028275707984,0.009117466666666687,0.02345580000000002,0.15664382614111674,0.03393085,0.0818366,0.13299501017398394,0,0.0011818216423140524
2006-12-31,-0.001006666666666667,0.01880818513307438,0.014247238095238096,0.050633,1,2,2,0.014531825360355874,0.02318577073692094,0.020847197967664783,63,0.015873015873015872,0.031746031746031744,0.031746031746031744,0.0015272000000000063,0.0015272000000000063,0.165028275707984,0.0064058000000000205,0.011673800000000019,0.15664382614111674,0.0060850999999999995,0.006378599999999998,0.13299501017398394,0,0.08826127274026672
2007-03-31,0.0009495245901639345,0.016836267173977484,0.013231655737704918,0.058111,1,1,1,0.010094940624574137,0.014794537517177783,0.004279693456903988,61,0.01639344262295082,0.01639344262295082,0.01639344262295082,0.009005200000000012,0.009005200000000012,0.165028275707984,0.0017228000000000243,0.0017228000000000243,0.15664382614111674,0.0222356,0.0222356,0.13299501017398394,0,0.5650331352369719
2007-06-30,0.002947031746031746,0.01629590815251194,0.012893349206349207,0.040621,0,2,0,0.0,0.028762659831063724,0.0,63,0.0,0.031746031746031744,0.0,0.0,0.0,0.165028275707984,0.0016558000000000198,0.0016618000000000188,0.15664382614111674,0.0,0.0,0.13299501017398394,0,0.2009660669512319
2007-09-30,-0.001319460317460317,0.025976641800282307,0.020321555555555558,0.068675,5,4,4,0.04351737137541429,0.01955007272680677,0.044855805026408915,63,0.07936507936507936,0.06349206349206349,0.06349206349206349,0.012220800000000009,0.01956920000000001,0.165028275707984,0.023888550000000022,0.02971580000000002,0.15664382614111674,0.0067238499999999965,0.019366599999999998,0.13299501017398394,0,0.001952852399491374
2007-12-31,-0.0033045156249999997,0.025498918755783306,0.020205703125000002,0.064399,3,5,7,0.03438216494456303,0.047551978736163646,0.07108081621879038,64,0.046875,0.078125,0.109375,0.006750200000000009,0.015293200000000007,0.165028275707984,0.011020400000000022,0.02543980000000002,0.15664382614111674,0.006567314285714285,0.010877600000000001,0.13299501017398394,0,0.0006664635850429448
2008-03-31,-0.0022659836065573773,0.028447893365761315,0.023310868852459015,0.062395,8,5,5,0.10015796773688228,0.03483974160684259,0.043342662333865606,61,0.13114754098360656,0.08196721311475409,0.08196721311475409,0.005414950000000009,0.013289200000000008,0.165028275707984,0.01675460000000002,0.02343580000000002,0.15664382614111674,0.0113622,0.018510599999999995,0.13299501017398394,0,0.00012285910521073255
2008-06-30,-0.0019492968749999999,0.039061956379325226,0.028613171875,0.117021,10,7,9,0.06028805864820565,0.05059547489546186,0.05218496054928363,64,0.15625,0.109375,0.140625,0.03023820000000001,0.06791520000000001,0.165028275707984,0.025650228571428593,0.07806180000000001,0.15664382614111674,0.029753711111111112,0.0712676,0.13299501017398394,0,8.745948150057748e-06
2008-09-30,0.00294709375,0.06029530441632861,0.0413223125,0.247002,18,14,11,0.10452359799738564,0.0768272817935988,0.05834851936478551,64,0.28125,0.21875,0.171875,0.04276714444444445,0.19789620000000002,0.165028275707984,0.044440085714285746,0.20804280000000003,0.15664382614111674,0.03529714545454545,0.11669460000000001,0.13299501017398394,0,4.255339882077825e-10
2008-12-31,-0.008084609375,0.09769235514624261,0.070339640625,0.295181,31,15,27,0.14628192252701536,0.05692383145649887,0.12495026072017924,64,0.484375,0.234375,0.421875,0.06646103870967743,0.24607520000000005,0.165028275707984,0.07619773333333338,0.25622180000000006,0.15664382614111674,0.05060326666666667,0.2141246,0.13299501017398394,0,5.046344023808509e-16
2009-03-31,0.0034994426229508196,0.0505282958494626,0.04064396721311475,0.156069,19,16,13,0.1123715384287771,0.07963376833705524,0.09853752097405381,61,0.3114754098360656,0.26229508196721313,0.21311475409836064,0.027815200000000012,0.10696320000000002,0.165028275707984,0.034894862500000026,0.11710980000000004,0.15664382614111674,0.018106753846153845,0.052834599999999995,0.13299501017398394,0,8.09530202680603e-10
2009-06-30,0.014880920634920636,0.055641162703901036,0.04266612698412699,0.175987,18,18,10,0.09779296525596765,0.10395057135765348,0.06934375173250606,63,0.2857142857142857,0.2857142857142857,0.15873015873015872,0.04141164444444446,0.12688120000000003,0.165028275707984,0.03880402222222225,0.12104080000000003,0.15664382614111674,0.0294669,0.1401116,0.13299501017398394,0,6.386786677918397e-10
2009-09-30,0.0031686875,0.031335120283328015,0.0236134375,0.094044,7,7,6,0.05558573503741697,0.04116192212209132,0.05861636091549074,64,0.109375,0.109375,0.09375,0.018591771428571435,0.04493820000000001,0.165028275707984,0.02623865714285717,0.055084800000000024,0.15664382614111674,0.0086341,0.0228726,0.13299501017398394,0,0.00010297765637386604
2009-12-31,0.005412453125,0.02437531545936995,0.018163546875,0.082857,4,5,2,0.03448488988054091,0.03563632497554971,0.016981668820147667,64,0.0625,0.078125,0.03125,0.015654950000000008,0.03375120000000001,0.165028275707984,0.02057780000000002,0.04389780000000002,0.15664382614111674,0.009911099999999999,0.0146016,0.13299501017398394,0,0.005233952954935391
2010-03-31,0.004118459016393443,0.027150832674507897,0.021614098360655736,0.066148,7,5,4,0.08478504953093387,0.03952178107578593,0.022819235140450367,61,0.11475409836065574,0.08196721311475409,0.06557377049180328,0.006347200000000009,0.017042200000000007,0.165028275707984,0.014958200000000022,0.02718880000000002,0.15664382614111674,0.017195099999999998,0.0231586,0.13299501017398394,0,0.0008932273100369134
2010-06-30,-0.003122698412698413,0.02755130801627353,0.022215555555555558,0.064935,5,4,7,0.05237796874855182,0.03895583536309204,0.0566142293854622,63,0.07936507936507936,0.06349206349206349,0.1111111111111111,0.00839400000000001,0.015829200000000015,0.165028275707984,0.009705550000000021,0.016644800000000022,0.15664382614111674,0.013265457142857142,0.029059600000000005,0.13299501017398394,0,0.0006397799400575316
2010-09-30,0.00327315625,0.02194612945389105,0.01706490625,0.052109,2,6,2,0.027623019774720606,0.05734349728049998,0.021201208986238153,64,0.03125,0.09375,0.03125,0.002173700000000011,0.0030032000000000114,0.165028275707984,0.009085133333333356,0.013149800000000024,0.15664382614111674,0.0057841,0.0079696,0.13299501017398394,0,0.003805890458883285
2010-12-31,0.0051133125,0.018228517080344543,0.01395084375,0.051975,1,4,1,0.013266240363238124,0.04100356166552068,0.011415361517501403,64,0.015625,0.0625,0.015625,0.0028692000000000092,0.0028692000000000092,0.165028275707984,0.007796800000000022,0.013015800000000022,0.15664382614111674,0.004470599999999998,0.004470599999999998,0.13299501017398394,0,0.060810223347566375
2011-03-31,-0.0015830967741935484,0.025380306995204164,0.016208419354838712,0.134114,2,1,2,0.015356956726500086,0.008333270753148086,0.010356268322930512,62,0.03225806451612903,0.016129032258064516,0.03225806451612903,0.043457700000000016,0.08500820000000002,0.165028275707984,0.012053800000000024,0.012053800000000024,0.15664382614111674,0.052572100000000004,0.09823860000000001,0.13299501017398394,0,0.3490724053240718
2011-06-30,-0.0011281587301587301,0.014967715186690395,0.011427492063492063,0.046247,0,0,1,0.0,0.0,0.00796285188502247,63,0.0,0.0,0.015873015873015872,0.0,0.0,0.165028275707984,0.0,0.0,0.15664382614111674,0.010371600000000002,0.010371600000000002,0.13299501017398394,0,0.7617613233852718
2011-09-30,-0.005092046875000001,0.029803732697102018,0.022443328125,0.098691,6,3,10,0.0465091107471,0.017541413231966393,0.08179186705591167,64,0.09375,0.046875,0.15625,0.020566200000000007,0.04958520000000001,0.165028275707984,0.027896133333333354,0.05973180000000002,0.15664382614111674,0.014981199999999997,0.04807259999999999,0.13299501017398394,0,0.0005502094295793451
2011-12-31,0.0020579365079365078,0.027185011031266797,0.021410349206349204,0.075774,3,6,4,0.026978252381667903,0.050930454934955634,0.035913939220781885,63,0.047619047619047616,0.09523809523809523,0.06349206349206349,0.013629200000000006,0.026668200000000003,0.165028275707984,0.014654300000000021,0.036814800000000016,0.15664382614111674,0.009737099999999999,0.015494599999999997,0.13299501017398394,0,0.0006825268878566531
2012-03-31,0.002583145161290323,0.016192352809371865,0.012894725806451613,0.04323,0,1,1,0.0,0.01257473497341384,0.010957319336672426,62,0.0,0.016129032258064516,0.016129032258064516,0.0,0.0,0.165028275707984,0.004270800000000019,0.004270800000000019,0.15664382614111674,0.005563599999999995,0.005563599999999995,0.13299501017398394,0,0.48609945771139185
2012-06-30,-0.003955682539682539,0.01683794707127365,0.013238412698412699,0.049554,1,0,2,0.015462636336306741,0.0,0.01717865184543246,63,0.015873015873015872,0.0,0.031746031746031744,0.0004482000000000097,0.0004482000000000097,0.165028275707984,0.0,0.0,0.15664382614111674,0.0097351,0.013678599999999999,0.13299501017398394,0,0.4270371601181226
2012-09-30,0.0005975396825396826,0.011872417392271177,0.009293634920634921,0.03605,0,0,0,0.0,0.0,0.0,63,0.0,0.0,0.0,0.0,0.0,0.165028275707984,0.0,0.0,0.15664382614111674,0.0,0.0,0.13299501017398394,0,0.8056243438930782
2012-12-31,0.004630532258064516,0.017715331957132537,0.012557725806451613,0.082046,1,2,0,0.003690574743625984,0.013408574145839883,0.0,62,0.016129032258064516,0.03225806451612903,0.0,0.0329402,0.0329402,0.165028275707984,0.02482930000000002,0.043086800000000015,0.15664382614111674,0.0,0.0,0.13299501017398394,0,0.11027653925832102
2013-03-31,0.0004765333333333332,0.014279115391185909,0.010313233333333333,0.046444,0,0,1,0.0,0.0,0.008262187030572368,60,0.0,0.0,0.016666666666666666,0.0,0.0,0.165028275707984,0.0,0.0,0.15664382614111674,0.010568599999999997,0.010568599999999997,0.13299501017398394,0,0.8483376339867178
2013-06-30,0.0028097968750000002,0.01751847477250548,0.014396265625,0.042868,0,0,1,0.0,0.0,0.0096736085364908,64,0.0,0.0,0.015625,0.0,0.0,0.165028275707984,0.0,0.0,0.15664382614111674,0.006992600000000002,0.006992600000000002,0.13299501017398394,0,0.6369577349817379
2013-09-30,0.001550984375,0.014540177116770397,0.011595515625,0.034884,0,0,0,0.0,0.0,0.0,64,0.0,0.0,0.0,0.0,0.0,0.165028275707984,0.0,0.0,0.15664382614111674,0.0,0.0,0.13299501017398394,1,0.682529167435639
2013-12-31,-0.0012114531249999999,0.0135626601032811,0.009734328125,0.062874,1,0,1,0.007671943889822144,0.0,0.0032352304419881795,64,0.015625,0.0,0.015625,0.013768200000000008,0.013768200000000008,0.165028275707984,0.0,0.0,0.15664382614111674,0.026998599999999998,0.026998599999999998,0.13299501017398394,1,0.9126965386271622
2014-03-31,0.000379672131147541,0.01158405643362363,0.009075901639344262,0.036519,0,0,1,0.0,0.0,0.01564173319642625,61,0.0,0.0,0.01639344262295082,0.0,0.0,0.165028275707984,0.0,0.0,0.15664382614111674,0.0006436000000000011,0.0006436000000000011,0.13299501017398394,1,0.8213664865440709
2014-06-30,0.0017792539682539683,0.01184710956305275,0.008896238095238096,0.046154,0,1,0,0.0,0.010540372157905204,0.0,63,0.0,0.015873015873015872,0.0,0.0,0.0,0.165028275707984,0.007194800000000022,0.007194800000000022,0.15664382614111674,0.0,0.0,0.13299501017398394,1,0.6885228789842389
2014-09-30,-0.002194640625,0.013067456690605984,0.008270828124999999,0.074709,1,0,1,0.004676446511075034,0.0,0.001927618498445416,64,0.015625,0.0,0.015625,0.025603200000000007,0.025603200000000007,0.165028275707984,0.0,0.0,0.15664382614111674,0.038833599999999996,0.038833599999999996,0.13299501017398394,1,0.9616117690604663
2014-12-31,0.000993390625,0.015604889919018096,0.011732828125,0.047365,0,0,2,0.0,0.0,0.01688873575855785,64,0.0,0.0,0.03125,0.0,0.0,0.165028275707984,0.0,0.0,0.15664382614111674,0.009335099999999995,0.011489599999999996,0.13299501017398394,1,0.7778991394017456
2015-03-31,0.0009290163934426228,0.014002962480003774,0.010507147540983607,0.039062,0,0,1,0.0,0.0,0.013070027661512306,61,0.0,0.0,0.01639344262295082,0.0,0.0,0.165028275707984,0.0,0.0,0.15664382614111674,0.0031865999999999978,0.0031865999999999978,0.13299501017398394,1,0.7713623696178206
2015-06-30,-0.00126436,0.008171009886992753,0.00700692,0.015843,0,0,0,0.0,0.0,0.0,25,0.0,0.0,0.0,0.0,0.0,0.165028275707984,0.0,0.0,0.15664382614111674,0.0,0.0,0.13299501017398394,1,0.8803131944068567
